0 verbose cli C:\Program Files\nodejs\node.exe C:\Program Files\nodejs\node_modules\npm\bin\npm-cli.js
1 info using npm@10.9.2
2 info using node@v23.10.0
3 silly config load:file:C:\Program Files\nodejs\node_modules\npm\npmrc
4 silly config load:file:E:\table\SOTFWARE\bosihanxin\.npmrc
5 silly config load:file:C:\Users\zhoukai\cadence\Cadence\SPB_Data\.npmrc
6 silly config load:file:C:\Program Files\nodejs\node_global\etc\npmrc
7 verbose title npm install
8 verbose argv "install"
9 verbose logfile logs-max:10 dir:E:\table\SOTFWARE\bosihanxin\npm-cache\_logs\2025-11-14T06_09_10_993Z-
10 verbose logfile E:\table\SOTFWARE\bosihanxin\npm-cache\_logs\2025-11-14T06_09_10_993Z-debug-0.log
11 silly logfile done cleaning log files
12 silly packumentCache heap:4345298944 maxSize:1086324736 maxEntrySize:543162368
13 silly idealTree buildDeps
14 silly reify moves {}
15 silly audit bulk request {
15 silly audit   '@alloc/quick-lru': [ '5.2.0' ],
15 silly audit   '@ant-design/colors': [ '7.2.0' ],
15 silly audit   '@ant-design/cssinjs': [ '1.23.0' ],
15 silly audit   '@ant-design/fast-color': [ '2.0.6' ],
15 silly audit   '@ant-design/icons': [ '5.6.1' ],
15 silly audit   '@ant-design/icons-svg': [ '4.4.2' ],
15 silly audit   '@ant-design/react-slick': [ '1.0.2' ],
15 silly audit   '@babel/runtime': [ '7.26.9' ],
15 silly audit   '@ctrl/tinycolor': [ '3.6.1' ],
15 silly audit   '@emotion/hash': [ '0.8.0' ],
15 silly audit   '@emotion/is-prop-valid': [ '0.8.8' ],
15 silly audit   '@emotion/memoize': [ '0.7.4' ],
15 silly audit   '@emotion/unitless': [ '0.7.5' ],
15 silly audit   '@eslint-community/eslint-utils': [ '4.4.1' ],
15 silly audit   '@eslint-community/regexpp': [ '4.12.1' ],
15 silly audit   '@eslint/eslintrc': [ '2.1.4' ],
15 silly audit   '@eslint/js': [ '8.49.0' ],
15 silly audit   '@humanwhocodes/config-array': [ '0.11.14' ],
15 silly audit   '@humanwhocodes/module-importer': [ '1.0.1' ],
15 silly audit   '@humanwhocodes/object-schema': [ '2.0.3' ],
15 silly audit   '@isaacs/cliui': [ '8.0.2' ],
15 silly audit   'ansi-regex': [ '6.1.0', '5.0.1' ],
15 silly audit   'strip-ansi': [ '7.1.0', '6.0.1' ],
15 silly audit   '@jridgewell/gen-mapping': [ '0.3.8' ],
15 silly audit   '@jridgewell/resolve-uri': [ '3.1.2' ],
15 silly audit   '@jridgewell/set-array': [ '1.2.1' ],
15 silly audit   '@jridgewell/sourcemap-codec': [ '1.5.0' ],
15 silly audit   '@jridgewell/trace-mapping': [ '0.3.25' ],
15 silly audit   '@next/env': [ '13.4.19' ],
15 silly audit   '@next/eslint-plugin-next': [ '13.4.19' ],
15 silly audit   '@next/swc-darwin-arm64': [ '13.4.19' ],
15 silly audit   '@next/swc-darwin-x64': [ '13.4.19' ],
15 silly audit   '@next/swc-linux-arm64-gnu': [ '13.4.19' ],
15 silly audit   '@next/swc-linux-arm64-musl': [ '13.4.19' ],
15 silly audit   '@next/swc-linux-x64-gnu': [ '13.4.19' ],
15 silly audit   '@next/swc-linux-x64-musl': [ '13.4.19' ],
15 silly audit   '@next/swc-win32-arm64-msvc': [ '13.4.19' ],
15 silly audit   '@next/swc-win32-ia32-msvc': [ '13.4.19' ],
15 silly audit   '@next/swc-win32-x64-msvc': [ '13.4.19' ],
15 silly audit   '@nodelib/fs.scandir': [ '2.1.5' ],
15 silly audit   '@nodelib/fs.stat': [ '2.0.5' ],
15 silly audit   '@nodelib/fs.walk': [ '1.2.8' ],
15 silly audit   '@nolyfill/is-core-module': [ '1.0.39' ],
15 silly audit   '@pkgjs/parseargs': [ '0.11.0' ],
15 silly audit   '@rc-component/color-picker': [ '1.4.1' ],
15 silly audit   '@rc-component/context': [ '1.4.0' ],
15 silly audit   '@rc-component/mini-decimal': [ '1.1.0' ],
15 silly audit   '@rc-component/mutate-observer': [ '1.1.0' ],
15 silly audit   '@rc-component/portal': [ '1.1.2' ],
15 silly audit   '@rc-component/tour': [ '1.8.1' ],
15 silly audit   '@rc-component/trigger': [ '1.18.3' ],
15 silly audit   '@rtsao/scc': [ '1.1.0' ],
15 silly audit   '@rushstack/eslint-patch': [ '1.10.5' ],
15 silly audit   '@swc/helpers': [ '0.5.1' ],
15 silly audit   '@types/json5': [ '0.0.29' ],
15 silly audit   '@types/node': [ '22.13.10' ],
15 silly audit   '@types/react': [ '19.0.10' ],
15 silly audit   '@typescript-eslint/parser': [ '6.21.0' ],
15 silly audit   '@typescript-eslint/scope-manager': [ '6.21.0' ],
15 silly audit   '@typescript-eslint/types': [ '6.21.0' ],
15 silly audit   '@typescript-eslint/typescript-estree': [ '6.21.0' ],
15 silly audit   'brace-expansion': [ '2.0.1', '1.1.11' ],
15 silly audit   minimatch: [ '9.0.3', '3.1.2', '9.0.5' ],
15 silly audit   '@typescript-eslint/visitor-keys': [ '6.21.0' ],
15 silly audit   acorn: [ '8.14.1' ],
15 silly audit   'acorn-jsx': [ '5.3.2' ],
15 silly audit   ajv: [ '6.12.6' ],
15 silly audit   'ansi-styles': [ '4.3.0', '6.2.1' ],
15 silly audit   antd: [ '5.8.6' ],
15 silly audit   'any-promise': [ '1.3.0' ],
15 silly audit   anymatch: [ '3.1.3' ],
15 silly audit   arg: [ '5.0.2' ],
15 silly audit   argparse: [ '2.0.1' ],
15 silly audit   'aria-query': [ '5.3.2' ],
15 silly audit   'array-buffer-byte-length': [ '1.0.2' ],
15 silly audit   'array-includes': [ '3.1.8' ],
15 silly audit   'array-tree-filter': [ '2.1.0' ],
15 silly audit   'array-union': [ '2.1.0' ],
15 silly audit   'array.prototype.findlast': [ '1.2.5' ],
15 silly audit   'array.prototype.findlastindex': [ '1.2.5' ],
15 silly audit   'array.prototype.flat': [ '1.3.3' ],
15 silly audit   'array.prototype.flatmap': [ '1.3.3' ],
15 silly audit   'array.prototype.tosorted': [ '1.1.4' ],
15 silly audit   'arraybuffer.prototype.slice': [ '1.0.4' ],
15 silly audit   'ast-types-flow': [ '0.0.8' ],
15 silly audit   'async-function': [ '1.0.0' ],
15 silly audit   'async-validator': [ '4.2.5' ],
15 silly audit   autoprefixer: [ '10.4.15' ],
15 silly audit   'available-typed-arrays': [ '1.0.7' ],
15 silly audit   'axe-core': [ '4.10.3' ],
15 silly audit   'axobject-query': [ '4.1.0' ],
15 silly audit   'balanced-match': [ '1.0.2' ],
15 silly audit   bcryptjs: [ '2.4.3' ],
15 silly audit   'binary-extensions': [ '2.3.0' ],
15 silly audit   braces: [ '3.0.3' ],
15 silly audit   browserslist: [ '4.24.4' ],
15 silly audit   busboy: [ '1.6.0' ],
15 silly audit   'call-bind': [ '1.0.8' ],
15 silly audit   'call-bind-apply-helpers': [ '1.0.2' ],
15 silly audit   'call-bound': [ '1.0.4' ],
15 silly audit   callsites: [ '3.1.0' ],
15 silly audit   'camelcase-css': [ '2.0.1' ],
15 silly audit   'caniuse-lite': [ '1.0.30001703' ],
15 silly audit   chalk: [ '4.1.2' ],
15 silly audit   chokidar: [ '3.6.0' ],
15 silly audit   'glob-parent': [ '5.1.2', '6.0.2' ],
15 silly audit   classnames: [ '2.5.1' ],
15 silly audit   'client-only': [ '0.0.1' ],
15 silly audit   'color-convert': [ '2.0.1' ],
15 silly audit   'color-name': [ '1.1.4' ],
15 silly audit   commander: [ '4.1.1' ],
15 silly audit   'compute-scroll-into-view': [ '3.1.1' ],
15 silly audit   'concat-map': [ '0.0.1' ],
15 silly audit   'copy-to-clipboard': [ '3.3.3' ],
15 silly audit   'cross-spawn': [ '7.0.6' ],
15 silly audit   cssesc: [ '3.0.0' ],
15 silly audit   csstype: [ '3.1.3' ],
15 silly audit   'damerau-levenshtein': [ '1.0.8' ],
15 silly audit   'data-view-buffer': [ '1.0.2' ],
15 silly audit   'data-view-byte-length': [ '1.0.2' ],
15 silly audit   'data-view-byte-offset': [ '1.0.1' ],
15 silly audit   dayjs: [ '1.11.13' ],
15 silly audit   debug: [ '4.4.0', '3.2.7' ],
15 silly audit   'deep-is': [ '0.1.4' ],
15 silly audit   'define-data-property': [ '1.1.4' ],
15 silly audit   'define-properties': [ '1.2.1' ],
15 silly audit   didyoumean: [ '1.2.2' ],
15 silly audit   'dir-glob': [ '3.0.1' ],
15 silly audit   dlv: [ '1.1.3' ],
15 silly audit   doctrine: [ '3.0.0', '2.1.0' ],
15 silly audit   'dunder-proto': [ '1.0.1' ],
15 silly audit   eastasianwidth: [ '0.2.0' ],
15 silly audit   'electron-to-chromium': [ '1.5.114' ],
15 silly audit   'emoji-regex': [ '9.2.2', '8.0.0' ],
15 silly audit   'enhanced-resolve': [ '5.18.1' ],
15 silly audit   'es-abstract': [ '1.23.9' ],
15 silly audit   'es-define-property': [ '1.0.1' ],
15 silly audit   'es-errors': [ '1.3.0' ],
15 silly audit   'es-iterator-helpers': [ '1.2.1' ],
15 silly audit   'es-object-atoms': [ '1.1.1' ],
15 silly audit   'es-set-tostringtag': [ '2.1.0' ],
15 silly audit   'es-shim-unscopables': [ '1.1.0' ],
15 silly audit   'es-to-primitive': [ '1.3.0' ],
15 silly audit   escalade: [ '3.2.0' ],
15 silly audit   'escape-string-regexp': [ '4.0.0' ],
15 silly audit   eslint: [ '8.49.0' ],
15 silly audit   'eslint-config-next': [ '13.4.19' ],
15 silly audit   'eslint-import-resolver-typescript': [ '3.8.3' ],
15 silly audit   'eslint-import-resolver-node': [ '0.3.9' ],
15 silly audit   'eslint-module-utils': [ '2.12.0' ],
15 silly audit   'eslint-plugin-import': [ '2.31.0' ],
15 silly audit   semver: [ '6.3.1', '7.7.1' ],
15 silly audit   'eslint-plugin-jsx-a11y': [ '6.10.2' ],
15 silly audit   'eslint-plugin-react': [ '7.37.4' ],
15 silly audit   'eslint-plugin-react-hooks': [ '5.0.0-canary-7118f5dd7-20230705' ],
15 silly audit   resolve: [ '2.0.0-next.5', '1.22.10' ],
15 silly audit   'eslint-scope': [ '7.2.2' ],
15 silly audit   'eslint-visitor-keys': [ '3.4.3' ],
15 silly audit   espree: [ '9.6.1' ],
15 silly audit   esquery: [ '1.6.0' ],
15 silly audit   esrecurse: [ '4.3.0' ],
15 silly audit   estraverse: [ '5.3.0' ],
15 silly audit   esutils: [ '2.0.3' ],
15 silly audit   'fast-deep-equal': [ '3.1.3' ],
15 silly audit   'fast-glob': [ '3.3.3' ],
15 silly audit   'fast-json-stable-stringify': [ '2.1.0' ],
15 silly audit   'fast-levenshtein': [ '2.0.6' ],
15 silly audit   fastq: [ '1.19.1' ],
15 silly audit   'file-entry-cache': [ '6.0.1' ],
15 silly audit   'fill-range': [ '7.1.1' ],
15 silly audit   'find-up': [ '5.0.0' ],
15 silly audit   'flat-cache': [ '3.2.0' ],
15 silly audit   flatted: [ '3.3.3' ],
15 silly audit   'for-each': [ '0.3.5' ],
15 silly audit   'foreground-child': [ '3.3.1' ],
15 silly audit   'fraction.js': [ '4.3.7' ],
15 silly audit   'framer-motion': [ '10.16.4' ],
15 silly audit   'fs.realpath': [ '1.0.0' ],
15 silly audit   fsevents: [ '2.3.3' ],
15 silly audit   'function-bind': [ '1.1.2' ],
15 silly audit   'function.prototype.name': [ '1.1.8' ],
15 silly audit   'functions-have-names': [ '1.2.3' ],
15 silly audit   'get-intrinsic': [ '1.3.0' ],
15 silly audit   'get-proto': [ '1.0.1' ],
15 silly audit   'get-symbol-description': [ '1.1.0' ],
15 silly audit   'get-tsconfig': [ '4.10.0' ],
15 silly audit   glob: [ '7.1.7', '10.4.5' ],
15 silly audit   'glob-to-regexp': [ '0.4.1' ],
15 silly audit   globals: [ '13.24.0' ],
15 silly audit   globalthis: [ '1.0.4' ],
15 silly audit   globby: [ '11.1.0' ],
15 silly audit   gopd: [ '1.2.0' ],
15 silly audit   'graceful-fs': [ '4.2.11' ],
15 silly audit   graphemer: [ '1.4.0' ],
15 silly audit   'has-bigints': [ '1.1.0' ],
15 silly audit   'has-flag': [ '4.0.0' ],
15 silly audit   'has-property-descriptors': [ '1.0.2' ],
15 silly audit   'has-proto': [ '1.2.0' ],
15 silly audit   'has-symbols': [ '1.1.0' ],
15 silly audit   'has-tostringtag': [ '1.0.2' ],
15 silly audit   hasown: [ '2.0.2' ],
15 silly audit   ignore: [ '5.3.2' ],
15 silly audit   'import-fresh': [ '3.3.1' ],
15 silly audit   imurmurhash: [ '0.1.4' ],
15 silly audit   inflight: [ '1.0.6' ],
15 silly audit   inherits: [ '2.0.4' ],
15 silly audit   'internal-slot': [ '1.1.0' ],
15 silly audit   'is-array-buffer': [ '3.0.5' ],
15 silly audit   'is-async-function': [ '2.1.1' ],
15 silly audit   'is-bigint': [ '1.1.0' ],
15 silly audit   'is-binary-path': [ '2.1.0' ],
15 silly audit   'is-boolean-object': [ '1.2.2' ],
15 silly audit   'is-bun-module': [ '1.3.0' ],
15 silly audit   'is-callable': [ '1.2.7' ],
15 silly audit   'is-core-module': [ '2.16.1' ],
15 silly audit   'is-data-view': [ '1.0.2' ],
15 silly audit   'is-date-object': [ '1.1.0' ],
15 silly audit   'is-extglob': [ '2.1.1' ],
15 silly audit   'is-finalizationregistry': [ '1.1.1' ],
15 silly audit   'is-fullwidth-code-point': [ '3.0.0' ],
15 silly audit   'is-generator-function': [ '1.1.0' ],
15 silly audit   'is-glob': [ '4.0.3' ],
15 silly audit   'is-map': [ '2.0.3' ],
15 silly audit   'is-number': [ '7.0.0' ],
15 silly audit   'is-number-object': [ '1.1.1' ],
15 silly audit   'is-path-inside': [ '3.0.3' ],
15 silly audit   'is-regex': [ '1.2.1' ],
15 silly audit   'is-set': [ '2.0.3' ],
15 silly audit   'is-shared-array-buffer': [ '1.0.4' ],
15 silly audit   'is-string': [ '1.1.1' ],
15 silly audit   'is-symbol': [ '1.1.1' ],
15 silly audit   'is-typed-array': [ '1.1.15' ],
15 silly audit   'is-weakmap': [ '2.0.2' ],
15 silly audit   'is-weakref': [ '1.1.1' ],
15 silly audit   'is-weakset': [ '2.0.4' ],
15 silly audit   isarray: [ '2.0.5' ],
15 silly audit   isexe: [ '2.0.0' ],
15 silly audit   'iterator.prototype': [ '1.1.5' ],
15 silly audit   jackspeak: [ '3.4.3' ],
15 silly audit   jiti: [ '1.21.7' ],
15 silly audit   'js-tokens': [ '4.0.0' ],
15 silly audit   'js-yaml': [ '4.1.0' ],
15 silly audit   'json-buffer': [ '3.0.1' ],
15 silly audit   'json-schema-traverse': [ '0.4.1' ],
15 silly audit   'json-stable-stringify-without-jsonify': [ '1.0.1' ],
15 silly audit   json2mq: [ '0.2.0' ],
15 silly audit   json5: [ '1.0.2' ],
15 silly audit   'jsx-ast-utils': [ '3.3.5' ],
15 silly audit   keyv: [ '4.5.4' ],
15 silly audit   'language-subtag-registry': [ '0.3.23' ],
15 silly audit   'language-tags': [ '1.0.9' ],
15 silly audit   levn: [ '0.4.1' ],
15 silly audit   lilconfig: [ '2.1.0', '3.1.3' ],
15 silly audit   'lines-and-columns': [ '1.2.4' ],
15 silly audit   'locate-path': [ '6.0.0' ],
15 silly audit   'lodash.merge': [ '4.6.2' ],
15 silly audit   'loose-envify': [ '1.4.0' ],
15 silly audit   'lru-cache': [ '10.4.3' ],
15 silly audit   'math-intrinsics': [ '1.1.0' ],
15 silly audit   merge2: [ '1.4.1' ],
15 silly audit   micromatch: [ '4.0.8' ],
15 silly audit   minimist: [ '1.2.8' ],
15 silly audit   minipass: [ '7.1.2' ],
15 silly audit   ms: [ '2.1.3' ],
15 silly audit   mz: [ '2.7.0' ],
15 silly audit   nanoid: [ '3.3.9' ],
15 silly audit   'natural-compare': [ '1.4.0' ],
15 silly audit   next: [ '13.4.19' ],
15 silly audit   postcss: [ '8.4.14', '8.4.29' ],
15 silly audit   'node-releases': [ '2.0.19' ],
15 silly audit   'normalize-path': [ '3.0.0' ],
15 silly audit   'normalize-range': [ '0.1.2' ],
15 silly audit   nprogress: [ '0.2.0' ],
15 silly audit   'object-assign': [ '4.1.1' ],
15 silly audit   'object-hash': [ '3.0.0' ],
15 silly audit   'object-inspect': [ '1.13.4' ],
15 silly audit   'object-keys': [ '1.1.1' ],
15 silly audit   'object.assign': [ '4.1.7' ],
15 silly audit   'object.entries': [ '1.1.8' ],
15 silly audit   'object.fromentries': [ '2.0.8' ],
15 silly audit   'object.groupby': [ '1.0.3' ],
15 silly audit   'object.values': [ '1.2.1' ],
15 silly audit   once: [ '1.4.0' ],
15 silly audit   optionator: [ '0.9.4' ],
15 silly audit   'own-keys': [ '1.0.1' ],
15 silly audit   'p-limit': [ '3.1.0' ],
15 silly audit   'p-locate': [ '5.0.0' ],
15 silly audit   'package-json-from-dist': [ '1.0.1' ],
15 silly audit   'parent-module': [ '1.0.1' ],
15 silly audit   'path-exists': [ '4.0.0' ],
15 silly audit   'path-is-absolute': [ '1.0.1' ],
15 silly audit   'path-key': [ '3.1.1' ],
15 silly audit   'path-parse': [ '1.0.7' ],
15 silly audit   'path-scurry': [ '1.11.1' ],
15 silly audit   'path-type': [ '4.0.0' ],
15 silly audit   picocolors: [ '1.1.1' ],
15 silly audit   picomatch: [ '2.3.1', '4.0.2' ],
15 silly audit   pify: [ '2.3.0' ],
15 silly audit   pirates: [ '4.0.6' ],
15 silly audit   'possible-typed-array-names': [ '1.1.0' ],
15 silly audit   'postcss-import': [ '15.1.0' ],
15 silly audit   'postcss-js': [ '4.0.1' ],
15 silly audit   'postcss-load-config': [ '4.0.2' ],
15 silly audit   'postcss-nested': [ '6.2.0' ],
15 silly audit   'postcss-selector-parser': [ '6.1.2' ],
15 silly audit   'postcss-value-parser': [ '4.2.0' ],
15 silly audit   'prelude-ls': [ '1.2.1' ],
15 silly audit   'prop-types': [ '15.8.1' ],
15 silly audit   punycode: [ '2.3.1' ],
15 silly audit   'qrcode.react': [ '3.2.0' ],
15 silly audit   'queue-microtask': [ '1.2.3' ],
15 silly audit   'rc-cascader': [ '3.14.1' ],
15 silly audit   'rc-checkbox': [ '3.1.0' ],
15 silly audit   'rc-collapse': [ '3.7.3' ],
15 silly audit   'rc-dialog': [ '9.1.0' ],
15 silly audit   'rc-drawer': [ '6.2.0' ],
15 silly audit   'rc-dropdown': [ '4.1.0' ],
15 silly audit   'rc-field-form': [ '1.36.2' ],
15 silly audit   'rc-image': [ '7.1.3' ],
15 silly audit   'rc-input': [ '1.1.1' ],
15 silly audit   'rc-input-number': [ '8.0.4' ],
15 silly audit   'rc-mentions': [ '2.5.0' ],
15 silly audit   'rc-menu': [ '9.10.0' ],
15 silly audit   'rc-motion': [ '2.9.5' ],
15 silly audit   'rc-notification': [ '5.1.1' ],
15 silly audit   'rc-overflow': [ '1.4.1' ],
15 silly audit   'rc-pagination': [ '3.6.1' ],
15 silly audit   'rc-picker': [ '3.13.2' ],
15 silly audit   'rc-progress': [ '3.4.2' ],
15 silly audit   'rc-rate': [ '2.12.0' ],
15 silly audit   'rc-resize-observer': [ '1.4.3' ],
15 silly audit   'rc-segmented': [ '2.2.2' ],
15 silly audit   'rc-select': [ '14.7.4' ],
15 silly audit   'rc-slider': [ '10.2.1' ],
15 silly audit   'rc-steps': [ '6.0.1' ],
15 silly audit   'rc-switch': [ '4.1.0' ],
15 silly audit   'rc-table': [ '7.32.3' ],
15 silly audit   'rc-tabs': [ '12.9.0' ],
15 silly audit   'rc-textarea': [ '1.3.4' ],
15 silly audit   'rc-tooltip': [ '6.0.1' ],
15 silly audit   'rc-tree': [ '5.7.12' ],
15 silly audit   'rc-tree-select': [ '5.11.2' ],
15 silly audit   'rc-upload': [ '4.3.6' ],
15 silly audit   'rc-util': [ '5.44.4' ],
15 silly audit   'react-is': [ '18.3.1', '16.13.1' ],
15 silly audit   'rc-virtual-list': [ '3.18.4' ],
15 silly audit   react: [ '18.2.0' ],
15 silly audit   'react-dom': [ '18.2.0' ],
15 silly audit   'react-swipeable': [ '7.0.1' ],
15 silly audit   'read-cache': [ '1.0.0' ],
15 silly audit   readdirp: [ '3.6.0' ],
15 silly audit   'reflect.getprototypeof': [ '1.0.10' ],
15 silly audit   'regenerator-runtime': [ '0.14.1' ],
15 silly audit   'regexp.prototype.flags': [ '1.5.4' ],
15 silly audit   'resize-observer-polyfill': [ '1.5.1' ],
15 silly audit   'resolve-from': [ '4.0.0' ],
15 silly audit   'resolve-pkg-maps': [ '1.0.0' ],
15 silly audit   reusify: [ '1.1.0' ],
15 silly audit   rimraf: [ '3.0.2' ],
15 silly audit   'run-parallel': [ '1.2.0' ],
15 silly audit   'safe-array-concat': [ '1.1.3' ],
15 silly audit   'safe-push-apply': [ '1.0.0' ],
15 silly audit   'safe-regex-test': [ '1.1.0' ],
15 silly audit   scheduler: [ '0.23.2' ],
15 silly audit   'scroll-into-view-if-needed': [ '3.1.0' ],
15 silly audit   'set-function-length': [ '1.2.2' ],
15 silly audit   'set-function-name': [ '2.0.2' ],
15 silly audit   'set-proto': [ '1.0.0' ],
15 silly audit   'shebang-command': [ '2.0.0' ],
15 silly audit   'shebang-regex': [ '3.0.0' ],
15 silly audit   'side-channel': [ '1.1.0' ],
15 silly audit   'side-channel-list': [ '1.0.0' ],
15 silly audit   'side-channel-map': [ '1.0.1' ],
15 silly audit   'side-channel-weakmap': [ '1.0.2' ],
15 silly audit   'signal-exit': [ '4.1.0' ],
15 silly audit   slash: [ '3.0.0' ],
15 silly audit   'source-map-js': [ '1.2.1' ],
15 silly audit   'stable-hash': [ '0.0.4' ],
15 silly audit   streamsearch: [ '1.1.0' ],
15 silly audit   'string-convert': [ '0.2.1' ],
15 silly audit   'string-width': [ '5.1.2', '4.2.3' ],
15 silly audit   'string.prototype.includes': [ '2.0.1' ],
15 silly audit   'string.prototype.matchall': [ '4.0.12' ],
15 silly audit   'string.prototype.repeat': [ '1.0.0' ],
15 silly audit   'string.prototype.trim': [ '1.2.10' ],
15 silly audit   'string.prototype.trimend': [ '1.0.9' ],
15 silly audit   'string.prototype.trimstart': [ '1.0.8' ],
15 silly audit   'strip-bom': [ '3.0.0' ],
15 silly audit   'strip-json-comments': [ '3.1.1' ],
15 silly audit   'styled-jsx': [ '5.1.1' ],
15 silly audit   stylis: [ '4.3.6' ],
15 silly audit   sucrase: [ '3.35.0' ],
15 silly audit   'supports-color': [ '7.2.0' ],
15 silly audit   'supports-preserve-symlinks-flag': [ '1.0.0' ],
15 silly audit   swiper: [ '10.2.0' ],
15 silly audit   tailwindcss: [ '3.3.3' ],
15 silly audit   tapable: [ '2.2.1' ],
15 silly audit   'text-table': [ '0.2.0' ],
15 silly audit   thenify: [ '3.3.1' ],
15 silly audit   'thenify-all': [ '1.6.0' ],
15 silly audit   'throttle-debounce': [ '5.0.2' ],
15 silly audit   tinyglobby: [ '0.2.12' ],
15 silly audit   fdir: [ '6.4.3' ],
15 silly audit   'to-regex-range': [ '5.0.1' ],
15 silly audit   'toggle-selection': [ '1.0.6' ],
15 silly audit   'ts-api-utils': [ '1.4.3' ],
15 silly audit   'ts-interface-checker': [ '0.1.13' ],
15 silly audit   'tsconfig-paths': [ '3.15.0' ],
15 silly audit   tslib: [ '2.8.1' ],
15 silly audit   'type-check': [ '0.4.0' ],
15 silly audit   'type-fest': [ '0.20.2' ],
15 silly audit   'typed-array-buffer': [ '1.0.3' ],
15 silly audit   'typed-array-byte-length': [ '1.0.3' ],
15 silly audit   'typed-array-byte-offset': [ '1.0.4' ],
15 silly audit   'typed-array-length': [ '1.0.7' ],
15 silly audit   typescript: [ '5.8.2' ],
15 silly audit   'unbox-primitive': [ '1.1.0' ],
15 silly audit   'undici-types': [ '6.20.0' ],
15 silly audit   'update-browserslist-db': [ '1.1.3' ],
15 silly audit   'uri-js': [ '4.4.1' ],
15 silly audit   'util-deprecate': [ '1.0.2' ],
15 silly audit   watchpack: [ '2.4.0' ],
15 silly audit   which: [ '2.0.2' ],
15 silly audit   'which-boxed-primitive': [ '1.1.1' ],
15 silly audit   'which-builtin-type': [ '1.2.1' ],
15 silly audit   'which-collection': [ '1.0.2' ],
15 silly audit   'which-typed-array': [ '1.1.19' ],
15 silly audit   'word-wrap': [ '1.2.5' ],
15 silly audit   'wrap-ansi': [ '8.1.0', '7.0.0' ],
15 silly audit   wrappy: [ '1.0.2' ],
15 silly audit   yaml: [ '2.7.0' ],
15 silly audit   'yocto-queue': [ '0.1.0' ],
15 silly audit   zod: [ '3.21.4' ]
15 silly audit }
16 verbose reify failed optional dependency E:\table\SOTFWARE\bosihanxin\node_modules\fsevents
17 silly reify mark deleted [ 'E:\\table\\SOTFWARE\\bosihanxin\\node_modules\\fsevents' ]
18 verbose reify failed optional dependency E:\table\SOTFWARE\bosihanxin\node_modules\@next\swc-win32-ia32-msvc
19 silly reify mark deleted [
19 silly reify   'E:\\table\\SOTFWARE\\bosihanxin\\node_modules\\@next\\swc-win32-ia32-msvc'
19 silly reify ]
20 verbose reify failed optional dependency E:\table\SOTFWARE\bosihanxin\node_modules\@next\swc-win32-arm64-msvc
21 silly reify mark deleted [
21 silly reify   'E:\\table\\SOTFWARE\\bosihanxin\\node_modules\\@next\\swc-win32-arm64-msvc'
21 silly reify ]
22 verbose reify failed optional dependency E:\table\SOTFWARE\bosihanxin\node_modules\@next\swc-linux-x64-musl
23 silly reify mark deleted [
23 silly reify   'E:\\table\\SOTFWARE\\bosihanxin\\node_modules\\@next\\swc-linux-x64-musl'
23 silly reify ]
24 verbose reify failed optional dependency E:\table\SOTFWARE\bosihanxin\node_modules\@next\swc-linux-x64-gnu
25 silly reify mark deleted [
25 silly reify   'E:\\table\\SOTFWARE\\bosihanxin\\node_modules\\@next\\swc-linux-x64-gnu'
25 silly reify ]
26 verbose reify failed optional dependency E:\table\SOTFWARE\bosihanxin\node_modules\@next\swc-linux-arm64-musl
27 silly reify mark deleted [
27 silly reify   'E:\\table\\SOTFWARE\\bosihanxin\\node_modules\\@next\\swc-linux-arm64-musl'
27 silly reify ]
28 verbose reify failed optional dependency E:\table\SOTFWARE\bosihanxin\node_modules\@next\swc-linux-arm64-gnu
29 silly reify mark deleted [
29 silly reify   'E:\\table\\SOTFWARE\\bosihanxin\\node_modules\\@next\\swc-linux-arm64-gnu'
29 silly reify ]
30 verbose reify failed optional dependency E:\table\SOTFWARE\bosihanxin\node_modules\@next\swc-darwin-x64
31 silly reify mark deleted [
31 silly reify   'E:\\table\\SOTFWARE\\bosihanxin\\node_modules\\@next\\swc-darwin-x64'
31 silly reify ]
32 verbose reify failed optional dependency E:\table\SOTFWARE\bosihanxin\node_modules\@next\swc-darwin-arm64
33 silly reify mark deleted [
33 silly reify   'E:\\table\\SOTFWARE\\bosihanxin\\node_modules\\@next\\swc-darwin-arm64'
33 silly reify ]
34 http fetch GET 200 https://registry.npmmirror.com/npm 337ms
35 http cache zod@https://registry.npm.taobao.org/zod/-/zod-3.21.4.tgz 0ms (cache hit)
36 http cache yocto-queue@https://registry.npm.taobao.org/yocto-queue/-/yocto-queue-0.1.0.tgz 0ms (cache hit)
37 http cache yaml@https://registry.npm.taobao.org/yaml/-/yaml-2.7.0.tgz 0ms (cache hit)
38 http cache wrappy@https://registry.npm.taobao.org/wrappy/-/wrappy-1.0.2.tgz 0ms (cache hit)
39 http cache wrap-ansi-cjs@https://registry.npm.taobao.org/wrap-ansi/-/wrap-ansi-7.0.0.tgz 0ms (cache hit)
40 http cache word-wrap@https://registry.npm.taobao.org/word-wrap/-/word-wrap-1.2.5.tgz 0ms (cache hit)
41 http cache which-typed-array@https://registry.npm.taobao.org/which-typed-array/-/which-typed-array-1.1.19.tgz 0ms (cache hit)
42 http cache wrap-ansi@https://registry.npm.taobao.org/wrap-ansi/-/wrap-ansi-8.1.0.tgz 0ms (cache hit)
43 http cache which-collection@https://registry.npm.taobao.org/which-collection/-/which-collection-1.0.2.tgz 0ms (cache hit)
44 http cache which-builtin-type@https://registry.npm.taobao.org/which-builtin-type/-/which-builtin-type-1.2.1.tgz 0ms (cache hit)
45 http cache which-boxed-primitive@https://registry.npm.taobao.org/which-boxed-primitive/-/which-boxed-primitive-1.1.1.tgz 0ms (cache hit)
46 http cache which@https://registry.npm.taobao.org/which/-/which-2.0.2.tgz 0ms (cache hit)
47 http cache watchpack@https://registry.npm.taobao.org/watchpack/-/watchpack-2.4.0.tgz 0ms (cache hit)
48 http cache util-deprecate@https://registry.npm.taobao.org/util-deprecate/-/util-deprecate-1.0.2.tgz 0ms (cache hit)
49 http cache uri-js@https://registry.npm.taobao.org/uri-js/-/uri-js-4.4.1.tgz 0ms (cache hit)
50 http cache undici-types@https://registry.npm.taobao.org/undici-types/-/undici-types-6.20.0.tgz 0ms (cache hit)
51 http cache update-browserslist-db@https://registry.npm.taobao.org/update-browserslist-db/-/update-browserslist-db-1.1.3.tgz 0ms (cache hit)
52 http cache unbox-primitive@https://registry.npm.taobao.org/unbox-primitive/-/unbox-primitive-1.1.0.tgz 0ms (cache hit)
53 http cache typed-array-byte-offset@https://registry.npm.taobao.org/typed-array-byte-offset/-/typed-array-byte-offset-1.0.4.tgz 0ms (cache hit)
54 http cache typed-array-byte-length@https://registry.npm.taobao.org/typed-array-byte-length/-/typed-array-byte-length-1.0.3.tgz 0ms (cache hit)
55 http cache typed-array-length@https://registry.npm.taobao.org/typed-array-length/-/typed-array-length-1.0.7.tgz 0ms (cache hit)
56 http cache typescript@https://registry.npm.taobao.org/typescript/-/typescript-5.8.2.tgz 0ms (cache hit)
57 http cache typed-array-buffer@https://registry.npm.taobao.org/typed-array-buffer/-/typed-array-buffer-1.0.3.tgz 0ms (cache hit)
58 http cache type-fest@https://registry.npm.taobao.org/type-fest/-/type-fest-0.20.2.tgz 0ms (cache hit)
59 http cache type-check@https://registry.npm.taobao.org/type-check/-/type-check-0.4.0.tgz 0ms (cache hit)
60 http cache tslib@https://registry.npm.taobao.org/tslib/-/tslib-2.8.1.tgz 0ms (cache hit)
61 http cache tsconfig-paths@https://registry.npm.taobao.org/tsconfig-paths/-/tsconfig-paths-3.15.0.tgz 0ms (cache hit)
62 http cache ts-api-utils@https://registry.npm.taobao.org/ts-api-utils/-/ts-api-utils-1.4.3.tgz 0ms (cache hit)
63 http cache ts-interface-checker@https://registry.npm.taobao.org/ts-interface-checker/-/ts-interface-checker-0.1.13.tgz 0ms (cache hit)
64 http cache toggle-selection@https://registry.npm.taobao.org/toggle-selection/-/toggle-selection-1.0.6.tgz 0ms (cache hit)
65 http cache to-regex-range@https://registry.npm.taobao.org/to-regex-range/-/to-regex-range-5.0.1.tgz 0ms (cache hit)
66 http cache throttle-debounce@https://registry.npm.taobao.org/throttle-debounce/-/throttle-debounce-5.0.2.tgz 0ms (cache hit)
67 http cache tinyglobby@https://registry.npm.taobao.org/tinyglobby/-/tinyglobby-0.2.12.tgz 0ms (cache hit)
68 http cache thenify-all@https://registry.npm.taobao.org/thenify-all/-/thenify-all-1.6.0.tgz 0ms (cache hit)
69 http cache thenify@https://registry.npm.taobao.org/thenify/-/thenify-3.3.1.tgz 0ms (cache hit)
70 http cache text-table@https://registry.npm.taobao.org/text-table/-/text-table-0.2.0.tgz 0ms (cache hit)
71 http cache tapable@https://registry.npm.taobao.org/tapable/-/tapable-2.2.1.tgz 0ms (cache hit)
72 http cache tailwindcss@https://registry.npm.taobao.org/tailwindcss/-/tailwindcss-3.3.3.tgz 0ms (cache hit)
73 http cache swiper@https://registry.npm.taobao.org/swiper/-/swiper-10.2.0.tgz 0ms (cache hit)
74 http cache supports-color@https://registry.npm.taobao.org/supports-color/-/supports-color-7.2.0.tgz 0ms (cache hit)
75 http cache supports-preserve-symlinks-flag@https://registry.npm.taobao.org/supports-preserve-symlinks-flag/-/supports-preserve-symlinks-flag-1.0.0.tgz 0ms (cache hit)
76 http cache sucrase@https://registry.npm.taobao.org/sucrase/-/sucrase-3.35.0.tgz 0ms (cache hit)
77 http cache stylis@https://registry.npm.taobao.org/stylis/-/stylis-4.3.6.tgz 0ms (cache hit)
78 http cache styled-jsx@https://registry.npm.taobao.org/styled-jsx/-/styled-jsx-5.1.1.tgz 0ms (cache hit)
79 http cache strip-json-comments@https://registry.npm.taobao.org/strip-json-comments/-/strip-json-comments-3.1.1.tgz 0ms (cache hit)
80 http cache strip-bom@https://registry.npm.taobao.org/strip-bom/-/strip-bom-3.0.0.tgz 0ms (cache hit)
81 http cache strip-ansi-cjs@https://registry.npm.taobao.org/strip-ansi/-/strip-ansi-6.0.1.tgz 0ms (cache hit)
82 http cache strip-ansi@https://registry.npm.taobao.org/strip-ansi/-/strip-ansi-6.0.1.tgz 0ms (cache hit)
83 http cache string.prototype.trimstart@https://registry.npm.taobao.org/string.prototype.trimstart/-/string.prototype.trimstart-1.0.8.tgz 0ms (cache hit)
84 http cache string.prototype.trim@https://registry.npm.taobao.org/string.prototype.trim/-/string.prototype.trim-1.2.10.tgz 0ms (cache hit)
85 http cache string.prototype.trimend@https://registry.npm.taobao.org/string.prototype.trimend/-/string.prototype.trimend-1.0.9.tgz 0ms (cache hit)
86 http cache string.prototype.repeat@https://registry.npm.taobao.org/string.prototype.repeat/-/string.prototype.repeat-1.0.0.tgz 0ms (cache hit)
87 http cache string.prototype.matchall@https://registry.npm.taobao.org/string.prototype.matchall/-/string.prototype.matchall-4.0.12.tgz 0ms (cache hit)
88 http cache string.prototype.includes@https://registry.npm.taobao.org/string.prototype.includes/-/string.prototype.includes-2.0.1.tgz 0ms (cache hit)
89 http cache string-width-cjs@https://registry.npm.taobao.org/string-width/-/string-width-4.2.3.tgz 0ms (cache hit)
90 http cache string-width@https://registry.npm.taobao.org/string-width/-/string-width-5.1.2.tgz 0ms (cache hit)
91 http cache string-convert@https://registry.npm.taobao.org/string-convert/-/string-convert-0.2.1.tgz 0ms (cache hit)
92 http cache streamsearch@https://registry.npm.taobao.org/streamsearch/-/streamsearch-1.1.0.tgz 0ms (cache hit)
93 http cache source-map-js@https://registry.npm.taobao.org/source-map-js/-/source-map-js-1.2.1.tgz 0ms (cache hit)
94 http cache stable-hash@https://registry.npm.taobao.org/stable-hash/-/stable-hash-0.0.4.tgz 0ms (cache hit)
95 http cache slash@https://registry.npm.taobao.org/slash/-/slash-3.0.0.tgz 0ms (cache hit)
96 http cache signal-exit@https://registry.npm.taobao.org/signal-exit/-/signal-exit-4.1.0.tgz 0ms (cache hit)
97 http cache side-channel-weakmap@https://registry.npm.taobao.org/side-channel-weakmap/-/side-channel-weakmap-1.0.2.tgz 0ms (cache hit)
98 http cache side-channel-map@https://registry.npm.taobao.org/side-channel-map/-/side-channel-map-1.0.1.tgz 0ms (cache hit)
99 http cache side-channel-list@https://registry.npm.taobao.org/side-channel-list/-/side-channel-list-1.0.0.tgz 0ms (cache hit)
100 http cache side-channel@https://registry.npm.taobao.org/side-channel/-/side-channel-1.1.0.tgz 0ms (cache hit)
101 http cache shebang-regex@https://registry.npm.taobao.org/shebang-regex/-/shebang-regex-3.0.0.tgz 0ms (cache hit)
102 http cache shebang-command@https://registry.npm.taobao.org/shebang-command/-/shebang-command-2.0.0.tgz 0ms (cache hit)
103 http cache set-proto@https://registry.npm.taobao.org/set-proto/-/set-proto-1.0.0.tgz 0ms (cache hit)
104 http cache set-function-name@https://registry.npm.taobao.org/set-function-name/-/set-function-name-2.0.2.tgz 0ms (cache hit)
105 http cache set-function-length@https://registry.npm.taobao.org/set-function-length/-/set-function-length-1.2.2.tgz 0ms (cache hit)
106 http cache scroll-into-view-if-needed@https://registry.npm.taobao.org/scroll-into-view-if-needed/-/scroll-into-view-if-needed-3.1.0.tgz 0ms (cache hit)
107 http cache semver@https://registry.npm.taobao.org/semver/-/semver-7.7.1.tgz 0ms (cache hit)
108 http cache scheduler@https://registry.npm.taobao.org/scheduler/-/scheduler-0.23.2.tgz 0ms (cache hit)
109 http cache safe-regex-test@https://registry.npm.taobao.org/safe-regex-test/-/safe-regex-test-1.1.0.tgz 0ms (cache hit)
110 http cache safe-array-concat@https://registry.npm.taobao.org/safe-array-concat/-/safe-array-concat-1.1.3.tgz 0ms (cache hit)
111 http cache safe-push-apply@https://registry.npm.taobao.org/safe-push-apply/-/safe-push-apply-1.0.0.tgz 0ms (cache hit)
112 http cache run-parallel@https://registry.npm.taobao.org/run-parallel/-/run-parallel-1.2.0.tgz 0ms (cache hit)
113 http cache rimraf@https://registry.npm.taobao.org/rimraf/-/rimraf-3.0.2.tgz 0ms (cache hit)
114 http cache reusify@https://registry.npm.taobao.org/reusify/-/reusify-1.1.0.tgz 0ms (cache hit)
115 http cache resolve-pkg-maps@https://registry.npm.taobao.org/resolve-pkg-maps/-/resolve-pkg-maps-1.0.0.tgz 0ms (cache hit)
116 http cache resolve-from@https://registry.npm.taobao.org/resolve-from/-/resolve-from-4.0.0.tgz 0ms (cache hit)
117 http cache regexp.prototype.flags@https://registry.npm.taobao.org/regexp.prototype.flags/-/regexp.prototype.flags-1.5.4.tgz 0ms (cache hit)
118 http cache regenerator-runtime@https://registry.npm.taobao.org/regenerator-runtime/-/regenerator-runtime-0.14.1.tgz 0ms (cache hit)
119 http cache resize-observer-polyfill@https://registry.npm.taobao.org/resize-observer-polyfill/-/resize-observer-polyfill-1.5.1.tgz 0ms (cache hit)
120 http cache reflect.getprototypeof@https://registry.npm.taobao.org/reflect.getprototypeof/-/reflect.getprototypeof-1.0.10.tgz 0ms (cache hit)
121 http cache resolve@https://registry.npm.taobao.org/resolve/-/resolve-1.22.10.tgz 0ms (cache hit)
122 http cache readdirp@https://registry.npm.taobao.org/readdirp/-/readdirp-3.6.0.tgz 0ms (cache hit)
123 http cache read-cache@https://registry.npm.taobao.org/read-cache/-/read-cache-1.0.0.tgz 0ms (cache hit)
124 http cache react-dom@https://registry.npm.taobao.org/react-dom/-/react-dom-18.2.0.tgz 0ms (cache hit)
125 http cache react-swipeable@https://registry.npm.taobao.org/react-swipeable/-/react-swipeable-7.0.1.tgz 0ms (cache hit)
126 http cache rc-virtual-list@https://registry.npm.taobao.org/rc-virtual-list/-/rc-virtual-list-3.18.4.tgz 0ms (cache hit)
127 http cache react@https://registry.npm.taobao.org/react/-/react-18.2.0.tgz 0ms (cache hit)
128 http cache react-is@https://registry.npm.taobao.org/react-is/-/react-is-16.13.1.tgz 0ms (cache hit)
129 http cache rc-upload@https://registry.npm.taobao.org/rc-upload/-/rc-upload-4.3.6.tgz 0ms (cache hit)
130 http cache rc-util@https://registry.npm.taobao.org/rc-util/-/rc-util-5.44.4.tgz 0ms (cache hit)
131 http cache rc-tree-select@https://registry.npm.taobao.org/rc-tree-select/-/rc-tree-select-5.11.2.tgz 0ms (cache hit)
132 http cache rc-tree@https://registry.npm.taobao.org/rc-tree/-/rc-tree-5.7.12.tgz 0ms (cache hit)
133 http cache rc-tooltip@https://registry.npm.taobao.org/rc-tooltip/-/rc-tooltip-6.0.1.tgz 0ms (cache hit)
134 http cache rc-tabs@https://registry.npm.taobao.org/rc-tabs/-/rc-tabs-12.9.0.tgz 0ms (cache hit)
135 http cache rc-textarea@https://registry.npm.taobao.org/rc-textarea/-/rc-textarea-1.3.4.tgz 0ms (cache hit)
136 http cache rc-table@https://registry.npm.taobao.org/rc-table/-/rc-table-7.32.3.tgz 0ms (cache hit)
137 http cache rc-switch@https://registry.npm.taobao.org/rc-switch/-/rc-switch-4.1.0.tgz 0ms (cache hit)
138 http cache rc-steps@https://registry.npm.taobao.org/rc-steps/-/rc-steps-6.0.1.tgz 0ms (cache hit)
139 http cache rc-slider@https://registry.npm.taobao.org/rc-slider/-/rc-slider-10.2.1.tgz 0ms (cache hit)
140 http cache rc-select@https://registry.npm.taobao.org/rc-select/-/rc-select-14.7.4.tgz 0ms (cache hit)
141 http cache rc-resize-observer@https://registry.npm.taobao.org/rc-resize-observer/-/rc-resize-observer-1.4.3.tgz 0ms (cache hit)
142 http cache rc-segmented@https://registry.npm.taobao.org/rc-segmented/-/rc-segmented-2.2.2.tgz 0ms (cache hit)
143 http cache rc-progress@https://registry.npm.taobao.org/rc-progress/-/rc-progress-3.4.2.tgz 0ms (cache hit)
144 http cache rc-rate@https://registry.npm.taobao.org/rc-rate/-/rc-rate-2.12.0.tgz 0ms (cache hit)
145 http cache rc-picker@https://registry.npm.taobao.org/rc-picker/-/rc-picker-3.13.2.tgz 0ms (cache hit)
146 http cache rc-pagination@https://registry.npm.taobao.org/rc-pagination/-/rc-pagination-3.6.1.tgz 0ms (cache hit)
147 http cache rc-overflow@https://registry.npm.taobao.org/rc-overflow/-/rc-overflow-1.4.1.tgz 0ms (cache hit)
148 http cache rc-notification@https://registry.npm.taobao.org/rc-notification/-/rc-notification-5.1.1.tgz 0ms (cache hit)
149 http cache rc-motion@https://registry.npm.taobao.org/rc-motion/-/rc-motion-2.9.5.tgz 0ms (cache hit)
150 http cache rc-menu@https://registry.npm.taobao.org/rc-menu/-/rc-menu-9.10.0.tgz 0ms (cache hit)
151 http cache rc-mentions@https://registry.npm.taobao.org/rc-mentions/-/rc-mentions-2.5.0.tgz 0ms (cache hit)
152 http cache rc-input-number@https://registry.npm.taobao.org/rc-input-number/-/rc-input-number-8.0.4.tgz 0ms (cache hit)
153 http cache rc-input@https://registry.npm.taobao.org/rc-input/-/rc-input-1.1.1.tgz 0ms (cache hit)
154 http cache rc-image@https://registry.npm.taobao.org/rc-image/-/rc-image-7.1.3.tgz 0ms (cache hit)
155 http cache rc-field-form@https://registry.npm.taobao.org/rc-field-form/-/rc-field-form-1.36.2.tgz 0ms (cache hit)
156 http cache rc-dropdown@https://registry.npm.taobao.org/rc-dropdown/-/rc-dropdown-4.1.0.tgz 0ms (cache hit)
157 http cache rc-drawer@https://registry.npm.taobao.org/rc-drawer/-/rc-drawer-6.2.0.tgz 0ms (cache hit)
158 http cache rc-dialog@https://registry.npm.taobao.org/rc-dialog/-/rc-dialog-9.1.0.tgz 0ms (cache hit)
159 http cache rc-collapse@https://registry.npm.taobao.org/rc-collapse/-/rc-collapse-3.7.3.tgz 0ms (cache hit)
160 http cache rc-checkbox@https://registry.npm.taobao.org/rc-checkbox/-/rc-checkbox-3.1.0.tgz 0ms (cache hit)
161 http cache rc-cascader@https://registry.npm.taobao.org/rc-cascader/-/rc-cascader-3.14.1.tgz 0ms (cache hit)
162 http cache qrcode.react@https://registry.npm.taobao.org/qrcode.react/-/qrcode.react-3.2.0.tgz 0ms (cache hit)
163 http cache queue-microtask@https://registry.npm.taobao.org/queue-microtask/-/queue-microtask-1.2.3.tgz 0ms (cache hit)
164 http cache punycode@https://registry.npm.taobao.org/punycode/-/punycode-2.3.1.tgz 0ms (cache hit)
165 http cache prop-types@https://registry.npm.taobao.org/prop-types/-/prop-types-15.8.1.tgz 0ms (cache hit)
166 http cache prelude-ls@https://registry.npm.taobao.org/prelude-ls/-/prelude-ls-1.2.1.tgz 0ms (cache hit)
167 http cache postcss-selector-parser@https://registry.npm.taobao.org/postcss-selector-parser/-/postcss-selector-parser-6.1.2.tgz 0ms (cache hit)
168 http cache postcss-value-parser@https://registry.npm.taobao.org/postcss-value-parser/-/postcss-value-parser-4.2.0.tgz 0ms (cache hit)
169 http cache postcss-nested@https://registry.npm.taobao.org/postcss-nested/-/postcss-nested-6.2.0.tgz 0ms (cache hit)
170 http cache postcss-load-config@https://registry.npm.taobao.org/postcss-load-config/-/postcss-load-config-4.0.2.tgz 0ms (cache hit)
171 http cache postcss-import@https://registry.npm.taobao.org/postcss-import/-/postcss-import-15.1.0.tgz 0ms (cache hit)
172 http cache postcss-js@https://registry.npm.taobao.org/postcss-js/-/postcss-js-4.0.1.tgz 0ms (cache hit)
173 http cache postcss@https://registry.npm.taobao.org/postcss/-/postcss-8.4.29.tgz 0ms (cache hit)
174 http cache possible-typed-array-names@https://registry.npm.taobao.org/possible-typed-array-names/-/possible-typed-array-names-1.1.0.tgz 0ms (cache hit)
175 http cache pify@https://registry.npm.taobao.org/pify/-/pify-2.3.0.tgz 0ms (cache hit)
176 http cache picomatch@https://registry.npm.taobao.org/picomatch/-/picomatch-2.3.1.tgz 0ms (cache hit)
177 http cache pirates@https://registry.npm.taobao.org/pirates/-/pirates-4.0.6.tgz 0ms (cache hit)
178 http cache picocolors@https://registry.npm.taobao.org/picocolors/-/picocolors-1.1.1.tgz 0ms (cache hit)
179 http cache path-type@https://registry.npm.taobao.org/path-type/-/path-type-4.0.0.tgz 0ms (cache hit)
180 http cache path-scurry@https://registry.npm.taobao.org/path-scurry/-/path-scurry-1.11.1.tgz 0ms (cache hit)
181 http cache path-parse@https://registry.npm.taobao.org/path-parse/-/path-parse-1.0.7.tgz 0ms (cache hit)
182 http cache path-key@https://registry.npm.taobao.org/path-key/-/path-key-3.1.1.tgz 0ms (cache hit)
183 http cache path-is-absolute@https://registry.npm.taobao.org/path-is-absolute/-/path-is-absolute-1.0.1.tgz 0ms (cache hit)
184 http cache parent-module@https://registry.npm.taobao.org/parent-module/-/parent-module-1.0.1.tgz 0ms (cache hit)
185 http cache package-json-from-dist@https://registry.npm.taobao.org/package-json-from-dist/-/package-json-from-dist-1.0.1.tgz 0ms (cache hit)
186 http cache path-exists@https://registry.npm.taobao.org/path-exists/-/path-exists-4.0.0.tgz 0ms (cache hit)
187 http cache p-locate@https://registry.npm.taobao.org/p-locate/-/p-locate-5.0.0.tgz 0ms (cache hit)
188 http cache p-limit@https://registry.npm.taobao.org/p-limit/-/p-limit-3.1.0.tgz 0ms (cache hit)
189 http cache once@https://registry.npm.taobao.org/once/-/once-1.4.0.tgz 0ms (cache hit)
190 http cache optionator@https://registry.npm.taobao.org/optionator/-/optionator-0.9.4.tgz 0ms (cache hit)
191 http cache own-keys@https://registry.npm.taobao.org/own-keys/-/own-keys-1.0.1.tgz 0ms (cache hit)
192 http cache object.values@https://registry.npm.taobao.org/object.values/-/object.values-1.2.1.tgz 0ms (cache hit)
193 http cache object.groupby@https://registry.npm.taobao.org/object.groupby/-/object.groupby-1.0.3.tgz 0ms (cache hit)
194 http cache object.fromentries@https://registry.npm.taobao.org/object.fromentries/-/object.fromentries-2.0.8.tgz 0ms (cache hit)
195 http cache object.entries@https://registry.npm.taobao.org/object.entries/-/object.entries-1.1.8.tgz 0ms (cache hit)
196 http cache object.assign@https://registry.npm.taobao.org/object.assign/-/object.assign-4.1.7.tgz 0ms (cache hit)
197 http cache object-keys@https://registry.npm.taobao.org/object-keys/-/object-keys-1.1.1.tgz 0ms (cache hit)
198 http cache object-inspect@https://registry.npm.taobao.org/object-inspect/-/object-inspect-1.13.4.tgz 0ms (cache hit)
199 http cache object-hash@https://registry.npm.taobao.org/object-hash/-/object-hash-3.0.0.tgz 0ms (cache hit)
200 http cache object-assign@https://registry.npm.taobao.org/object-assign/-/object-assign-4.1.1.tgz 0ms (cache hit)
201 http cache normalize-range@https://registry.npm.taobao.org/normalize-range/-/normalize-range-0.1.2.tgz 0ms (cache hit)
202 http cache normalize-path@https://registry.npm.taobao.org/normalize-path/-/normalize-path-3.0.0.tgz 0ms (cache hit)
203 http cache nprogress@https://registry.npm.taobao.org/nprogress/-/nprogress-0.2.0.tgz 0ms (cache hit)
204 http cache node-releases@https://registry.npm.taobao.org/node-releases/-/node-releases-2.0.19.tgz 0ms (cache hit)
205 http cache natural-compare@https://registry.npm.taobao.org/natural-compare/-/natural-compare-1.4.0.tgz 0ms (cache hit)
206 http cache next@https://registry.npm.taobao.org/next/-/next-13.4.19.tgz 0ms (cache hit)
207 http cache mz@https://registry.npm.taobao.org/mz/-/mz-2.7.0.tgz 0ms (cache hit)
208 http cache nanoid@https://registry.npm.taobao.org/nanoid/-/nanoid-3.3.9.tgz 0ms (cache hit)
209 http cache ms@https://registry.npm.taobao.org/ms/-/ms-2.1.3.tgz 0ms (cache hit)
210 http cache minipass@https://registry.npm.taobao.org/minipass/-/minipass-7.1.2.tgz 0ms (cache hit)
211 http cache minimist@https://registry.npm.taobao.org/minimist/-/minimist-1.2.8.tgz 0ms (cache hit)
212 http cache micromatch@https://registry.npm.taobao.org/micromatch/-/micromatch-4.0.8.tgz 0ms (cache hit)
213 http cache minimatch@https://registry.npm.taobao.org/minimatch/-/minimatch-3.1.2.tgz 0ms (cache hit)
214 http cache merge2@https://registry.npm.taobao.org/merge2/-/merge2-1.4.1.tgz 0ms (cache hit)
215 http cache math-intrinsics@https://registry.npm.taobao.org/math-intrinsics/-/math-intrinsics-1.1.0.tgz 0ms (cache hit)
216 http cache loose-envify@https://registry.npm.taobao.org/loose-envify/-/loose-envify-1.4.0.tgz 0ms (cache hit)
217 http cache lodash.merge@https://registry.npm.taobao.org/lodash.merge/-/lodash.merge-4.6.2.tgz 0ms (cache hit)
218 http cache locate-path@https://registry.npm.taobao.org/locate-path/-/locate-path-6.0.0.tgz 0ms (cache hit)
219 http cache lilconfig@https://registry.npm.taobao.org/lilconfig/-/lilconfig-2.1.0.tgz 0ms (cache hit)
220 http cache levn@https://registry.npm.taobao.org/levn/-/levn-0.4.1.tgz 0ms (cache hit)
221 http cache lines-and-columns@https://registry.npm.taobao.org/lines-and-columns/-/lines-and-columns-1.2.4.tgz 1ms (cache hit)
222 http cache language-subtag-registry@https://registry.npm.taobao.org/language-subtag-registry/-/language-subtag-registry-0.3.23.tgz 0ms (cache hit)
223 http cache language-tags@https://registry.npm.taobao.org/language-tags/-/language-tags-1.0.9.tgz 0ms (cache hit)
224 http cache lru-cache@https://registry.npm.taobao.org/lru-cache/-/lru-cache-10.4.3.tgz 0ms (cache hit)
225 http cache jsx-ast-utils@https://registry.npm.taobao.org/jsx-ast-utils/-/jsx-ast-utils-3.3.5.tgz 0ms (cache hit)
226 http cache json2mq@https://registry.npm.taobao.org/json2mq/-/json2mq-0.2.0.tgz 0ms (cache hit)
227 http cache json-stable-stringify-without-jsonify@https://registry.npm.taobao.org/json-stable-stringify-without-jsonify/-/json-stable-stringify-without-jsonify-1.0.1.tgz 0ms (cache hit)
228 http cache json-buffer@https://registry.npm.taobao.org/json-buffer/-/json-buffer-3.0.1.tgz 0ms (cache hit)
229 http cache json-schema-traverse@https://registry.npm.taobao.org/json-schema-traverse/-/json-schema-traverse-0.4.1.tgz 0ms (cache hit)
230 http cache js-yaml@https://registry.npm.taobao.org/js-yaml/-/js-yaml-4.1.0.tgz 0ms (cache hit)
231 http cache js-tokens@https://registry.npm.taobao.org/js-tokens/-/js-tokens-4.0.0.tgz 0ms (cache hit)
232 http cache json5@https://registry.npm.taobao.org/json5/-/json5-1.0.2.tgz 0ms (cache hit)
233 http cache keyv@https://registry.npm.taobao.org/keyv/-/keyv-4.5.4.tgz 0ms (cache hit)
234 http cache iterator.prototype@https://registry.npm.taobao.org/iterator.prototype/-/iterator.prototype-1.1.5.tgz 0ms (cache hit)
235 http cache jackspeak@https://registry.npm.taobao.org/jackspeak/-/jackspeak-3.4.3.tgz 0ms (cache hit)
236 http cache jiti@https://registry.npm.taobao.org/jiti/-/jiti-1.21.7.tgz 0ms (cache hit)
237 http cache isarray@https://registry.npm.taobao.org/isarray/-/isarray-2.0.5.tgz 0ms (cache hit)
238 http cache is-weakset@https://registry.npm.taobao.org/is-weakset/-/is-weakset-2.0.4.tgz 0ms (cache hit)
239 http cache is-weakref@https://registry.npm.taobao.org/is-weakref/-/is-weakref-1.1.1.tgz 0ms (cache hit)
240 http cache is-typed-array@https://registry.npm.taobao.org/is-typed-array/-/is-typed-array-1.1.15.tgz 0ms (cache hit)
241 http cache isexe@https://registry.npm.taobao.org/isexe/-/isexe-2.0.0.tgz 0ms (cache hit)
242 http cache is-symbol@https://registry.npm.taobao.org/is-symbol/-/is-symbol-1.1.1.tgz 0ms (cache hit)
243 http cache is-string@https://registry.npm.taobao.org/is-string/-/is-string-1.1.1.tgz 0ms (cache hit)
244 http cache is-weakmap@https://registry.npm.taobao.org/is-weakmap/-/is-weakmap-2.0.2.tgz 0ms (cache hit)
245 http cache is-set@https://registry.npm.taobao.org/is-set/-/is-set-2.0.3.tgz 0ms (cache hit)
246 http cache is-regex@https://registry.npm.taobao.org/is-regex/-/is-regex-1.2.1.tgz 0ms (cache hit)
247 http cache is-shared-array-buffer@https://registry.npm.taobao.org/is-shared-array-buffer/-/is-shared-array-buffer-1.0.4.tgz 0ms (cache hit)
248 http cache is-number-object@https://registry.npm.taobao.org/is-number-object/-/is-number-object-1.1.1.tgz 0ms (cache hit)
249 http cache is-number@https://registry.npm.taobao.org/is-number/-/is-number-7.0.0.tgz 0ms (cache hit)
250 http cache is-map@https://registry.npm.taobao.org/is-map/-/is-map-2.0.3.tgz 0ms (cache hit)
251 http cache is-glob@https://registry.npm.taobao.org/is-glob/-/is-glob-4.0.3.tgz 0ms (cache hit)
252 http cache is-generator-function@https://registry.npm.taobao.org/is-generator-function/-/is-generator-function-1.1.0.tgz 0ms (cache hit)
253 http cache is-path-inside@https://registry.npm.taobao.org/is-path-inside/-/is-path-inside-3.0.3.tgz 0ms (cache hit)
254 http cache is-fullwidth-code-point@https://registry.npm.taobao.org/is-fullwidth-code-point/-/is-fullwidth-code-point-3.0.0.tgz 0ms (cache hit)
255 http cache is-finalizationregistry@https://registry.npm.taobao.org/is-finalizationregistry/-/is-finalizationregistry-1.1.1.tgz 0ms (cache hit)
256 http cache is-extglob@https://registry.npm.taobao.org/is-extglob/-/is-extglob-2.1.1.tgz 0ms (cache hit)
257 http cache is-data-view@https://registry.npm.taobao.org/is-data-view/-/is-data-view-1.0.2.tgz 0ms (cache hit)
258 http cache is-date-object@https://registry.npm.taobao.org/is-date-object/-/is-date-object-1.1.0.tgz 0ms (cache hit)
259 http cache is-core-module@https://registry.npm.taobao.org/is-core-module/-/is-core-module-2.16.1.tgz 0ms (cache hit)
260 http cache is-bun-module@https://registry.npm.taobao.org/is-bun-module/-/is-bun-module-1.3.0.tgz 0ms (cache hit)
261 http cache is-callable@https://registry.npm.taobao.org/is-callable/-/is-callable-1.2.7.tgz 0ms (cache hit)
262 http cache is-boolean-object@https://registry.npm.taobao.org/is-boolean-object/-/is-boolean-object-1.2.2.tgz 0ms (cache hit)
263 http cache is-binary-path@https://registry.npm.taobao.org/is-binary-path/-/is-binary-path-2.1.0.tgz 0ms (cache hit)
264 http cache is-bigint@https://registry.npm.taobao.org/is-bigint/-/is-bigint-1.1.0.tgz 0ms (cache hit)
265 http cache is-array-buffer@https://registry.npm.taobao.org/is-array-buffer/-/is-array-buffer-3.0.5.tgz 0ms (cache hit)
266 http cache internal-slot@https://registry.npm.taobao.org/internal-slot/-/internal-slot-1.1.0.tgz 0ms (cache hit)
267 http cache is-async-function@https://registry.npm.taobao.org/is-async-function/-/is-async-function-2.1.1.tgz 0ms (cache hit)
268 http cache inherits@https://registry.npm.taobao.org/inherits/-/inherits-2.0.4.tgz 0ms (cache hit)
269 http cache inflight@https://registry.npm.taobao.org/inflight/-/inflight-1.0.6.tgz 0ms (cache hit)
270 http cache imurmurhash@https://registry.npm.taobao.org/imurmurhash/-/imurmurhash-0.1.4.tgz 0ms (cache hit)
271 http cache import-fresh@https://registry.npm.taobao.org/import-fresh/-/import-fresh-3.3.1.tgz 0ms (cache hit)
272 http cache ignore@https://registry.npm.taobao.org/ignore/-/ignore-5.3.2.tgz 0ms (cache hit)
273 http cache hasown@https://registry.npm.taobao.org/hasown/-/hasown-2.0.2.tgz 0ms (cache hit)
274 http cache has-tostringtag@https://registry.npm.taobao.org/has-tostringtag/-/has-tostringtag-1.0.2.tgz 0ms (cache hit)
275 http cache has-symbols@https://registry.npm.taobao.org/has-symbols/-/has-symbols-1.1.0.tgz 0ms (cache hit)
276 http cache has-proto@https://registry.npm.taobao.org/has-proto/-/has-proto-1.2.0.tgz 0ms (cache hit)
277 http cache has-property-descriptors@https://registry.npm.taobao.org/has-property-descriptors/-/has-property-descriptors-1.0.2.tgz 0ms (cache hit)
278 http cache has-flag@https://registry.npm.taobao.org/has-flag/-/has-flag-4.0.0.tgz 0ms (cache hit)
279 http cache graphemer@https://registry.npm.taobao.org/graphemer/-/graphemer-1.4.0.tgz 0ms (cache hit)
280 http cache has-bigints@https://registry.npm.taobao.org/has-bigints/-/has-bigints-1.1.0.tgz 0ms (cache hit)
281 http cache gopd@https://registry.npm.taobao.org/gopd/-/gopd-1.2.0.tgz 0ms (cache hit)
282 http cache graceful-fs@https://registry.npm.taobao.org/graceful-fs/-/graceful-fs-4.2.11.tgz 0ms (cache hit)
283 http cache globby@https://registry.npm.taobao.org/globby/-/globby-11.1.0.tgz 0ms (cache hit)
284 http cache globalthis@https://registry.npm.taobao.org/globalthis/-/globalthis-1.0.4.tgz 0ms (cache hit)
285 http cache globals@https://registry.npm.taobao.org/globals/-/globals-13.24.0.tgz 0ms (cache hit)
286 http cache glob-parent@https://registry.npm.taobao.org/glob-parent/-/glob-parent-6.0.2.tgz 0ms (cache hit)
287 http cache glob@https://registry.npm.taobao.org/glob/-/glob-7.1.7.tgz 0ms (cache hit)
288 http cache glob-to-regexp@https://registry.npm.taobao.org/glob-to-regexp/-/glob-to-regexp-0.4.1.tgz 0ms (cache hit)
289 http cache get-tsconfig@https://registry.npm.taobao.org/get-tsconfig/-/get-tsconfig-4.10.0.tgz 0ms (cache hit)
290 http cache get-symbol-description@https://registry.npm.taobao.org/get-symbol-description/-/get-symbol-description-1.1.0.tgz 0ms (cache hit)
291 http cache get-proto@https://registry.npm.taobao.org/get-proto/-/get-proto-1.0.1.tgz 0ms (cache hit)
292 http cache get-intrinsic@https://registry.npm.taobao.org/get-intrinsic/-/get-intrinsic-1.3.0.tgz 0ms (cache hit)
293 http cache functions-have-names@https://registry.npm.taobao.org/functions-have-names/-/functions-have-names-1.2.3.tgz 0ms (cache hit)
294 http cache function.prototype.name@https://registry.npm.taobao.org/function.prototype.name/-/function.prototype.name-1.1.8.tgz 0ms (cache hit)
295 http cache function-bind@https://registry.npm.taobao.org/function-bind/-/function-bind-1.1.2.tgz 0ms (cache hit)
296 http cache fs.realpath@https://registry.npm.taobao.org/fs.realpath/-/fs.realpath-1.0.0.tgz 0ms (cache hit)
297 http cache framer-motion@https://registry.npm.taobao.org/framer-motion/-/framer-motion-10.16.4.tgz 0ms (cache hit)
298 http cache fraction.js@https://registry.npm.taobao.org/fraction.js/-/fraction.js-4.3.7.tgz 0ms (cache hit)
299 http cache foreground-child@https://registry.npm.taobao.org/foreground-child/-/foreground-child-3.3.1.tgz 0ms (cache hit)
300 http cache flatted@https://registry.npm.taobao.org/flatted/-/flatted-3.3.3.tgz 0ms (cache hit)
301 http cache for-each@https://registry.npm.taobao.org/for-each/-/for-each-0.3.5.tgz 0ms (cache hit)
302 http cache flat-cache@https://registry.npm.taobao.org/flat-cache/-/flat-cache-3.2.0.tgz 0ms (cache hit)
303 http cache fill-range@https://registry.npm.taobao.org/fill-range/-/fill-range-7.1.1.tgz 0ms (cache hit)
304 http cache find-up@https://registry.npm.taobao.org/find-up/-/find-up-5.0.0.tgz 0ms (cache hit)
305 http cache fastq@https://registry.npm.taobao.org/fastq/-/fastq-1.19.1.tgz 0ms (cache hit)
306 http cache file-entry-cache@https://registry.npm.taobao.org/file-entry-cache/-/file-entry-cache-6.0.1.tgz 0ms (cache hit)
307 http cache fast-levenshtein@https://registry.npm.taobao.org/fast-levenshtein/-/fast-levenshtein-2.0.6.tgz 0ms (cache hit)
308 http cache fast-json-stable-stringify@https://registry.npm.taobao.org/fast-json-stable-stringify/-/fast-json-stable-stringify-2.1.0.tgz 0ms (cache hit)
309 http cache fast-glob@https://registry.npm.taobao.org/fast-glob/-/fast-glob-3.3.3.tgz 0ms (cache hit)
310 http cache fast-deep-equal@https://registry.npm.taobao.org/fast-deep-equal/-/fast-deep-equal-3.1.3.tgz 0ms (cache hit)
311 http cache esutils@https://registry.npm.taobao.org/esutils/-/esutils-2.0.3.tgz 0ms (cache hit)
312 http cache estraverse@https://registry.npm.taobao.org/estraverse/-/estraverse-5.3.0.tgz 0ms (cache hit)
313 http cache esrecurse@https://registry.npm.taobao.org/esrecurse/-/esrecurse-4.3.0.tgz 0ms (cache hit)
314 http cache esquery@https://registry.npm.taobao.org/esquery/-/esquery-1.6.0.tgz 0ms (cache hit)
315 http cache espree@https://registry.npm.taobao.org/espree/-/espree-9.6.1.tgz 0ms (cache hit)
316 http cache eslint-visitor-keys@https://registry.npm.taobao.org/eslint-visitor-keys/-/eslint-visitor-keys-3.4.3.tgz 0ms (cache hit)
317 http cache eslint-plugin-react-hooks@https://registry.npm.taobao.org/eslint-plugin-react-hooks/-/eslint-plugin-react-hooks-5.0.0-canary-7118f5dd7-20230705.tgz 0ms (cache hit)
318 http cache eslint-scope@https://registry.npm.taobao.org/eslint-scope/-/eslint-scope-7.2.2.tgz 0ms (cache hit)
319 http cache eslint-plugin-react@https://registry.npm.taobao.org/eslint-plugin-react/-/eslint-plugin-react-7.37.4.tgz 0ms (cache hit)
320 http cache eslint-plugin-jsx-a11y@https://registry.npm.taobao.org/eslint-plugin-jsx-a11y/-/eslint-plugin-jsx-a11y-6.10.2.tgz 0ms (cache hit)
321 http cache eslint-plugin-import@https://registry.npm.taobao.org/eslint-plugin-import/-/eslint-plugin-import-2.31.0.tgz 0ms (cache hit)
322 http cache eslint-import-resolver-node@https://registry.npm.taobao.org/eslint-import-resolver-node/-/eslint-import-resolver-node-0.3.9.tgz 0ms (cache hit)
323 http cache eslint-module-utils@https://registry.npm.taobao.org/eslint-module-utils/-/eslint-module-utils-2.12.0.tgz 0ms (cache hit)
324 http cache eslint@https://registry.npm.taobao.org/eslint/-/eslint-8.49.0.tgz 0ms (cache hit)
325 http cache eslint-config-next@https://registry.npm.taobao.org/eslint-config-next/-/eslint-config-next-13.4.19.tgz 0ms (cache hit)
326 http cache escalade@https://registry.npm.taobao.org/escalade/-/escalade-3.2.0.tgz 0ms (cache hit)
327 http cache escape-string-regexp@https://registry.npm.taobao.org/escape-string-regexp/-/escape-string-regexp-4.0.0.tgz 0ms (cache hit)
328 http cache es-to-primitive@https://registry.npm.taobao.org/es-to-primitive/-/es-to-primitive-1.3.0.tgz 0ms (cache hit)
329 http cache es-shim-unscopables@https://registry.npm.taobao.org/es-shim-unscopables/-/es-shim-unscopables-1.1.0.tgz 0ms (cache hit)
330 http cache es-set-tostringtag@https://registry.npm.taobao.org/es-set-tostringtag/-/es-set-tostringtag-2.1.0.tgz 0ms (cache hit)
331 http cache es-object-atoms@https://registry.npm.taobao.org/es-object-atoms/-/es-object-atoms-1.1.1.tgz 0ms (cache hit)
332 http cache es-iterator-helpers@https://registry.npm.taobao.org/es-iterator-helpers/-/es-iterator-helpers-1.2.1.tgz 0ms (cache hit)
333 http cache es-errors@https://registry.npm.taobao.org/es-errors/-/es-errors-1.3.0.tgz 0ms (cache hit)
334 http cache es-abstract@https://registry.npm.taobao.org/es-abstract/-/es-abstract-1.23.9.tgz 0ms (cache hit)
335 http cache es-define-property@https://registry.npm.taobao.org/es-define-property/-/es-define-property-1.0.1.tgz 0ms (cache hit)
336 http cache emoji-regex@https://registry.npm.taobao.org/emoji-regex/-/emoji-regex-9.2.2.tgz 0ms (cache hit)
337 http cache electron-to-chromium@https://registry.npm.taobao.org/electron-to-chromium/-/electron-to-chromium-1.5.114.tgz 0ms (cache hit)
338 http cache eastasianwidth@https://registry.npm.taobao.org/eastasianwidth/-/eastasianwidth-0.2.0.tgz 0ms (cache hit)
339 http cache enhanced-resolve@https://registry.npm.taobao.org/enhanced-resolve/-/enhanced-resolve-5.18.1.tgz 0ms (cache hit)
340 http cache doctrine@https://registry.npm.taobao.org/doctrine/-/doctrine-3.0.0.tgz 0ms (cache hit)
341 http cache dunder-proto@https://registry.npm.taobao.org/dunder-proto/-/dunder-proto-1.0.1.tgz 0ms (cache hit)
342 http cache dir-glob@https://registry.npm.taobao.org/dir-glob/-/dir-glob-3.0.1.tgz 0ms (cache hit)
343 http cache dlv@https://registry.npm.taobao.org/dlv/-/dlv-1.1.3.tgz 0ms (cache hit)
344 http cache didyoumean@https://registry.npm.taobao.org/didyoumean/-/didyoumean-1.2.2.tgz 0ms (cache hit)
345 http cache define-properties@https://registry.npm.taobao.org/define-properties/-/define-properties-1.2.1.tgz 0ms (cache hit)
346 http cache define-data-property@https://registry.npm.taobao.org/define-data-property/-/define-data-property-1.1.4.tgz 0ms (cache hit)
347 http cache deep-is@https://registry.npm.taobao.org/deep-is/-/deep-is-0.1.4.tgz 0ms (cache hit)
348 http cache debug@https://registry.npm.taobao.org/debug/-/debug-4.4.0.tgz 0ms (cache hit)
349 http cache dayjs@https://registry.npm.taobao.org/dayjs/-/dayjs-1.11.13.tgz 0ms (cache hit)
350 http cache data-view-byte-length@https://registry.npm.taobao.org/data-view-byte-length/-/data-view-byte-length-1.0.2.tgz 0ms (cache hit)
351 http cache data-view-byte-offset@https://registry.npm.taobao.org/data-view-byte-offset/-/data-view-byte-offset-1.0.1.tgz 0ms (cache hit)
352 http cache data-view-buffer@https://registry.npm.taobao.org/data-view-buffer/-/data-view-buffer-1.0.2.tgz 0ms (cache hit)
353 http cache damerau-levenshtein@https://registry.npm.taobao.org/damerau-levenshtein/-/damerau-levenshtein-1.0.8.tgz 0ms (cache hit)
354 http cache csstype@https://registry.npm.taobao.org/csstype/-/csstype-3.1.3.tgz 0ms (cache hit)
355 http cache cssesc@https://registry.npm.taobao.org/cssesc/-/cssesc-3.0.0.tgz 0ms (cache hit)
356 http cache cross-spawn@https://registry.npm.taobao.org/cross-spawn/-/cross-spawn-7.0.6.tgz 0ms (cache hit)
357 http cache copy-to-clipboard@https://registry.npm.taobao.org/copy-to-clipboard/-/copy-to-clipboard-3.3.3.tgz 0ms (cache hit)
358 http cache concat-map@https://registry.npm.taobao.org/concat-map/-/concat-map-0.0.1.tgz 0ms (cache hit)
359 http cache compute-scroll-into-view@https://registry.npm.taobao.org/compute-scroll-into-view/-/compute-scroll-into-view-3.1.1.tgz 0ms (cache hit)
360 http cache commander@https://registry.npm.taobao.org/commander/-/commander-4.1.1.tgz 0ms (cache hit)
361 http cache color-name@https://registry.npm.taobao.org/color-name/-/color-name-1.1.4.tgz 0ms (cache hit)
362 http cache color-convert@https://registry.npm.taobao.org/color-convert/-/color-convert-2.0.1.tgz 0ms (cache hit)
363 http cache client-only@https://registry.npm.taobao.org/client-only/-/client-only-0.0.1.tgz 0ms (cache hit)
364 http cache chokidar@https://registry.npm.taobao.org/chokidar/-/chokidar-3.6.0.tgz 0ms (cache hit)
365 http cache classnames@https://registry.npm.taobao.org/classnames/-/classnames-2.5.1.tgz 0ms (cache hit)
366 http cache chalk@https://registry.npm.taobao.org/chalk/-/chalk-4.1.2.tgz 0ms (cache hit)
367 http cache caniuse-lite@https://registry.npm.taobao.org/caniuse-lite/-/caniuse-lite-1.0.30001703.tgz 0ms (cache hit)
368 http cache camelcase-css@https://registry.npm.taobao.org/camelcase-css/-/camelcase-css-2.0.1.tgz 0ms (cache hit)
369 http cache callsites@https://registry.npm.taobao.org/callsites/-/callsites-3.1.0.tgz 0ms (cache hit)
370 http cache call-bound@https://registry.npm.taobao.org/call-bound/-/call-bound-1.0.4.tgz 0ms (cache hit)
371 http cache call-bind-apply-helpers@https://registry.npm.taobao.org/call-bind-apply-helpers/-/call-bind-apply-helpers-1.0.2.tgz 0ms (cache hit)
372 http cache busboy@https://registry.npm.taobao.org/busboy/-/busboy-1.6.0.tgz 0ms (cache hit)
373 http cache call-bind@https://registry.npm.taobao.org/call-bind/-/call-bind-1.0.8.tgz 0ms (cache hit)
374 http cache browserslist@https://registry.npm.taobao.org/browserslist/-/browserslist-4.24.4.tgz 0ms (cache hit)
375 http cache brace-expansion@https://registry.npm.taobao.org/brace-expansion/-/brace-expansion-1.1.11.tgz 0ms (cache hit)
376 http cache braces@https://registry.npm.taobao.org/braces/-/braces-3.0.3.tgz 0ms (cache hit)
377 http cache balanced-match@https://registry.npm.taobao.org/balanced-match/-/balanced-match-1.0.2.tgz 0ms (cache hit)
378 http cache binary-extensions@https://registry.npm.taobao.org/binary-extensions/-/binary-extensions-2.3.0.tgz 0ms (cache hit)
379 http cache axobject-query@https://registry.npm.taobao.org/axobject-query/-/axobject-query-4.1.0.tgz 0ms (cache hit)
380 http cache available-typed-arrays@https://registry.npm.taobao.org/available-typed-arrays/-/available-typed-arrays-1.0.7.tgz 0ms (cache hit)
381 http cache bcryptjs@https://registry.npm.taobao.org/bcryptjs/-/bcryptjs-2.4.3.tgz 0ms (cache hit)
382 http cache axe-core@https://registry.npm.taobao.org/axe-core/-/axe-core-4.10.3.tgz 0ms (cache hit)
383 http cache autoprefixer@https://registry.npm.taobao.org/autoprefixer/-/autoprefixer-10.4.15.tgz 0ms (cache hit)
384 http cache async-validator@https://registry.npm.taobao.org/async-validator/-/async-validator-4.2.5.tgz 0ms (cache hit)
385 http cache ast-types-flow@https://registry.npm.taobao.org/ast-types-flow/-/ast-types-flow-0.0.8.tgz 0ms (cache hit)
386 http cache async-function@https://registry.npm.taobao.org/async-function/-/async-function-1.0.0.tgz 0ms (cache hit)
387 http cache arraybuffer.prototype.slice@https://registry.npm.taobao.org/arraybuffer.prototype.slice/-/arraybuffer.prototype.slice-1.0.4.tgz 0ms (cache hit)
388 http cache array.prototype.tosorted@https://registry.npm.taobao.org/array.prototype.tosorted/-/array.prototype.tosorted-1.1.4.tgz 0ms (cache hit)
389 http cache array.prototype.flatmap@https://registry.npm.taobao.org/array.prototype.flatmap/-/array.prototype.flatmap-1.3.3.tgz 0ms (cache hit)
390 http cache array.prototype.flat@https://registry.npm.taobao.org/array.prototype.flat/-/array.prototype.flat-1.3.3.tgz 0ms (cache hit)
391 http cache array.prototype.findlast@https://registry.npm.taobao.org/array.prototype.findlast/-/array.prototype.findlast-1.2.5.tgz 0ms (cache hit)
392 http cache array.prototype.findlastindex@https://registry.npm.taobao.org/array.prototype.findlastindex/-/array.prototype.findlastindex-1.2.5.tgz 0ms (cache hit)
393 http cache array-union@https://registry.npm.taobao.org/array-union/-/array-union-2.1.0.tgz 0ms (cache hit)
394 http cache array-tree-filter@https://registry.npm.taobao.org/array-tree-filter/-/array-tree-filter-2.1.0.tgz 0ms (cache hit)
395 http cache array-includes@https://registry.npm.taobao.org/array-includes/-/array-includes-3.1.8.tgz 0ms (cache hit)
396 http cache array-buffer-byte-length@https://registry.npm.taobao.org/array-buffer-byte-length/-/array-buffer-byte-length-1.0.2.tgz 0ms (cache hit)
397 http cache aria-query@https://registry.npm.taobao.org/aria-query/-/aria-query-5.3.2.tgz 0ms (cache hit)
398 http cache argparse@https://registry.npm.taobao.org/argparse/-/argparse-2.0.1.tgz 0ms (cache hit)
399 http cache arg@https://registry.npm.taobao.org/arg/-/arg-5.0.2.tgz 0ms (cache hit)
400 http cache any-promise@https://registry.npm.taobao.org/any-promise/-/any-promise-1.3.0.tgz 0ms (cache hit)
401 http cache antd@https://registry.npm.taobao.org/antd/-/antd-5.8.6.tgz 0ms (cache hit)
402 http cache anymatch@https://registry.npm.taobao.org/anymatch/-/anymatch-3.1.3.tgz 0ms (cache hit)
403 http cache ansi-styles@https://registry.npm.taobao.org/ansi-styles/-/ansi-styles-4.3.0.tgz 0ms (cache hit)
404 http cache ansi-regex@https://registry.npm.taobao.org/ansi-regex/-/ansi-regex-5.0.1.tgz 0ms (cache hit)
405 http cache @typescript-eslint/visitor-keys@https://registry.npm.taobao.org/@typescript-eslint/visitor-keys/-/visitor-keys-6.21.0.tgz 0ms (cache hit)
406 http cache acorn-jsx@https://registry.npm.taobao.org/acorn-jsx/-/acorn-jsx-5.3.2.tgz 0ms (cache hit)
407 http cache acorn@https://registry.npm.taobao.org/acorn/-/acorn-8.14.1.tgz 0ms (cache hit)
408 http cache ajv@https://registry.npm.taobao.org/ajv/-/ajv-6.12.6.tgz 0ms (cache hit)
409 http cache @typescript-eslint/types@https://registry.npm.taobao.org/@typescript-eslint/types/-/types-6.21.0.tgz 0ms (cache hit)
410 http cache @typescript-eslint/typescript-estree@https://registry.npm.taobao.org/@typescript-eslint/typescript-estree/-/typescript-estree-6.21.0.tgz 0ms (cache hit)
411 http cache @typescript-eslint/scope-manager@https://registry.npm.taobao.org/@typescript-eslint/scope-manager/-/scope-manager-6.21.0.tgz 0ms (cache hit)
412 http cache @typescript-eslint/parser@https://registry.npm.taobao.org/@typescript-eslint/parser/-/parser-6.21.0.tgz 0ms (cache hit)
413 http cache @rushstack/eslint-patch@https://registry.npm.taobao.org/@rushstack/eslint-patch/-/eslint-patch-1.10.5.tgz 0ms (cache hit)
414 http cache @types/react@https://registry.npm.taobao.org/@types/react/-/react-19.0.10.tgz 0ms (cache hit)
415 http cache @rtsao/scc@https://registry.npm.taobao.org/@rtsao/scc/-/scc-1.1.0.tgz 0ms (cache hit)
416 http cache @types/json5@https://registry.npm.taobao.org/@types/json5/-/json5-0.0.29.tgz 0ms (cache hit)
417 http cache @swc/helpers@https://registry.npm.taobao.org/@swc/helpers/-/helpers-0.5.1.tgz 0ms (cache hit)
418 http cache @types/node@https://registry.npm.taobao.org/@types/node/-/node-22.13.10.tgz 0ms (cache hit)
419 http cache @rc-component/trigger@https://registry.npm.taobao.org/@rc-component/trigger/-/trigger-1.18.3.tgz 0ms (cache hit)
420 http cache @rc-component/tour@https://registry.npm.taobao.org/@rc-component/tour/-/tour-1.8.1.tgz 0ms (cache hit)
421 http cache @rc-component/portal@https://registry.npm.taobao.org/@rc-component/portal/-/portal-1.1.2.tgz 0ms (cache hit)
422 http cache @rc-component/mutate-observer@https://registry.npm.taobao.org/@rc-component/mutate-observer/-/mutate-observer-1.1.0.tgz 0ms (cache hit)
423 http cache @nolyfill/is-core-module@https://registry.npm.taobao.org/@nolyfill/is-core-module/-/is-core-module-1.0.39.tgz 0ms (cache hit)
424 http cache @pkgjs/parseargs@https://registry.npm.taobao.org/@pkgjs/parseargs/-/parseargs-0.11.0.tgz 0ms (cache hit)
425 http cache @rc-component/mini-decimal@https://registry.npm.taobao.org/@rc-component/mini-decimal/-/mini-decimal-1.1.0.tgz 0ms (cache hit)
426 http cache @rc-component/context@https://registry.npm.taobao.org/@rc-component/context/-/context-1.4.0.tgz 0ms (cache hit)
427 http cache @next/swc-win32-x64-msvc@https://registry.npm.taobao.org/@next/swc-win32-x64-msvc/-/swc-win32-x64-msvc-13.4.19.tgz 0ms (cache hit)
428 http cache @nodelib/fs.stat@https://registry.npm.taobao.org/@nodelib/fs.stat/-/fs.stat-2.0.5.tgz 0ms (cache hit)
429 http cache @next/env@https://registry.npm.taobao.org/@next/env/-/env-13.4.19.tgz 0ms (cache hit)
430 http cache @next/eslint-plugin-next@https://registry.npm.taobao.org/@next/eslint-plugin-next/-/eslint-plugin-next-13.4.19.tgz 0ms (cache hit)
431 http cache @rc-component/color-picker@https://registry.npm.taobao.org/@rc-component/color-picker/-/color-picker-1.4.1.tgz 0ms (cache hit)
432 http cache @nodelib/fs.walk@https://registry.npm.taobao.org/@nodelib/fs.walk/-/fs.walk-1.2.8.tgz 0ms (cache hit)
433 http cache @nodelib/fs.scandir@https://registry.npm.taobao.org/@nodelib/fs.scandir/-/fs.scandir-2.1.5.tgz 0ms (cache hit)
434 http cache @jridgewell/trace-mapping@https://registry.npm.taobao.org/@jridgewell/trace-mapping/-/trace-mapping-0.3.25.tgz 0ms (cache hit)
435 http cache @jridgewell/set-array@https://registry.npm.taobao.org/@jridgewell/set-array/-/set-array-1.2.1.tgz 0ms (cache hit)
436 http cache @jridgewell/sourcemap-codec@https://registry.npm.taobao.org/@jridgewell/sourcemap-codec/-/sourcemap-codec-1.5.0.tgz 0ms (cache hit)
437 http cache @jridgewell/resolve-uri@https://registry.npm.taobao.org/@jridgewell/resolve-uri/-/resolve-uri-3.1.2.tgz 0ms (cache hit)
438 http cache @isaacs/cliui@https://registry.npm.taobao.org/@isaacs/cliui/-/cliui-8.0.2.tgz 0ms (cache hit)
439 http cache @jridgewell/gen-mapping@https://registry.npm.taobao.org/@jridgewell/gen-mapping/-/gen-mapping-0.3.8.tgz 0ms (cache hit)
440 http cache @eslint/js@https://registry.npm.taobao.org/@eslint/js/-/js-8.49.0.tgz 0ms (cache hit)
441 http cache @humanwhocodes/config-array@https://registry.npm.taobao.org/@humanwhocodes/config-array/-/config-array-0.11.14.tgz 0ms (cache hit)
442 http cache @eslint/eslintrc@https://registry.npm.taobao.org/@eslint/eslintrc/-/eslintrc-2.1.4.tgz 0ms (cache hit)
443 http cache @humanwhocodes/module-importer@https://registry.npm.taobao.org/@humanwhocodes/module-importer/-/module-importer-1.0.1.tgz 0ms (cache hit)
444 http cache @humanwhocodes/object-schema@https://registry.npm.taobao.org/@humanwhocodes/object-schema/-/object-schema-2.0.3.tgz 0ms (cache hit)
445 http cache @emotion/unitless@https://registry.npm.taobao.org/@emotion/unitless/-/unitless-0.7.5.tgz 0ms (cache hit)
446 http cache @eslint-community/regexpp@https://registry.npm.taobao.org/@eslint-community/regexpp/-/regexpp-4.12.1.tgz 0ms (cache hit)
447 http cache @ctrl/tinycolor@https://registry.npm.taobao.org/@ctrl/tinycolor/-/tinycolor-3.6.1.tgz 0ms (cache hit)
448 http cache @eslint-community/eslint-utils@https://registry.npm.taobao.org/@eslint-community/eslint-utils/-/eslint-utils-4.4.1.tgz 0ms (cache hit)
449 http cache @babel/runtime@https://registry.npm.taobao.org/@babel/runtime/-/runtime-7.26.9.tgz 0ms (cache hit)
450 http cache @emotion/memoize@https://registry.npm.taobao.org/@emotion/memoize/-/memoize-0.7.4.tgz 0ms (cache hit)
451 http cache @emotion/is-prop-valid@https://registry.npm.taobao.org/@emotion/is-prop-valid/-/is-prop-valid-0.8.8.tgz 0ms (cache hit)
452 http cache @emotion/hash@https://registry.npm.taobao.org/@emotion/hash/-/hash-0.8.0.tgz 0ms (cache hit)
453 http cache @ant-design/react-slick@https://registry.npm.taobao.org/@ant-design/react-slick/-/react-slick-1.0.2.tgz 0ms (cache hit)
454 http cache strip-ansi@https://registry.npm.taobao.org/strip-ansi/-/strip-ansi-7.1.0.tgz 0ms (cache hit)
455 http cache @ant-design/icons-svg@https://registry.npm.taobao.org/@ant-design/icons-svg/-/icons-svg-4.4.2.tgz 0ms (cache hit)
456 http cache @ant-design/icons@https://registry.npm.taobao.org/@ant-design/icons/-/icons-5.6.1.tgz 0ms (cache hit)
457 http cache @ant-design/fast-color@https://registry.npm.taobao.org/@ant-design/fast-color/-/fast-color-2.0.6.tgz 0ms (cache hit)
458 http cache @alloc/quick-lru@https://registry.npm.taobao.org/@alloc/quick-lru/-/quick-lru-5.2.0.tgz 0ms (cache hit)
459 http cache @ant-design/cssinjs@https://registry.npm.taobao.org/@ant-design/cssinjs/-/cssinjs-1.23.0.tgz 0ms (cache hit)
460 http cache @ant-design/colors@https://registry.npm.taobao.org/@ant-design/colors/-/colors-7.2.0.tgz 1ms (cache hit)
461 http cache emoji-regex@https://registry.npm.taobao.org/emoji-regex/-/emoji-regex-8.0.0.tgz 0ms (cache hit)
462 http cache ansi-styles@https://registry.npm.taobao.org/ansi-styles/-/ansi-styles-6.2.1.tgz 0ms (cache hit)
463 http cache string-width@https://registry.npm.taobao.org/string-width/-/string-width-4.2.3.tgz 0ms (cache hit)
464 http cache picomatch@https://registry.npm.taobao.org/picomatch/-/picomatch-4.0.2.tgz 0ms (cache hit)
465 http cache ansi-regex@https://registry.npm.taobao.org/ansi-regex/-/ansi-regex-6.1.0.tgz 0ms (cache hit)
466 http cache fdir@https://registry.npm.taobao.org/fdir/-/fdir-6.4.3.tgz 0ms (cache hit)
467 http cache minimatch@https://registry.npm.taobao.org/minimatch/-/minimatch-9.0.5.tgz 0ms (cache hit)
468 http cache emoji-regex@https://registry.npm.taobao.org/emoji-regex/-/emoji-regex-8.0.0.tgz 0ms (cache hit)
469 http cache glob@https://registry.npm.taobao.org/glob/-/glob-10.4.5.tgz 0ms (cache hit)
470 http cache strip-ansi@https://registry.npm.taobao.org/strip-ansi/-/strip-ansi-7.1.0.tgz 0ms (cache hit)
471 http cache brace-expansion@https://registry.npm.taobao.org/brace-expansion/-/brace-expansion-2.0.1.tgz 0ms (cache hit)
472 http cache react-is@https://registry.npm.taobao.org/react-is/-/react-is-18.3.1.tgz 0ms (cache hit)
473 http cache lilconfig@https://registry.npm.taobao.org/lilconfig/-/lilconfig-3.1.3.tgz 0ms (cache hit)
474 http cache ansi-regex@https://registry.npm.taobao.org/ansi-regex/-/ansi-regex-6.1.0.tgz 0ms (cache hit)
475 http cache postcss@https://registry.npm.taobao.org/postcss/-/postcss-8.4.14.tgz 0ms (cache hit)
476 http cache semver@https://registry.npm.taobao.org/semver/-/semver-6.3.1.tgz 0ms (cache hit)
477 http cache resolve@https://registry.npm.taobao.org/resolve/-/resolve-2.0.0-next.5.tgz 0ms (cache hit)
478 http cache glob-parent@https://registry.npm.taobao.org/glob-parent/-/glob-parent-5.1.2.tgz 0ms (cache hit)
479 http cache debug@https://registry.npm.taobao.org/debug/-/debug-3.2.7.tgz 0ms (cache hit)
480 http cache doctrine@https://registry.npm.taobao.org/doctrine/-/doctrine-2.1.0.tgz 0ms (cache hit)
481 http cache doctrine@https://registry.npm.taobao.org/doctrine/-/doctrine-2.1.0.tgz 0ms (cache hit)
482 http cache semver@https://registry.npm.taobao.org/semver/-/semver-6.3.1.tgz 0ms (cache hit)
483 http cache debug@https://registry.npm.taobao.org/debug/-/debug-3.2.7.tgz 0ms (cache hit)
484 http cache eslint-import-resolver-typescript@https://registry.npm.taobao.org/eslint-import-resolver-typescript/-/eslint-import-resolver-typescript-3.8.3.tgz 0ms (cache hit)
485 http cache debug@https://registry.npm.taobao.org/debug/-/debug-3.2.7.tgz 0ms (cache hit)
486 http cache glob-parent@https://registry.npm.taobao.org/glob-parent/-/glob-parent-5.1.2.tgz 0ms (cache hit)
487 http cache minimatch@https://registry.npm.taobao.org/minimatch/-/minimatch-9.0.3.tgz 0ms (cache hit)
488 http cache brace-expansion@https://registry.npm.taobao.org/brace-expansion/-/brace-expansion-2.0.1.tgz 0ms (cache hit)
489 http cache strip-ansi@https://registry.npm.taobao.org/strip-ansi/-/strip-ansi-7.1.0.tgz 0ms (cache hit)
490 http cache ansi-regex@https://registry.npm.taobao.org/ansi-regex/-/ansi-regex-6.1.0.tgz 0ms (cache hit)
491 silly tarball no local data for zod@https://registry.npm.taobao.org/zod/-/zod-3.21.4.tgz. Extracting by manifest.
492 silly tarball no local data for yocto-queue@https://registry.npm.taobao.org/yocto-queue/-/yocto-queue-0.1.0.tgz. Extracting by manifest.
493 silly tarball no local data for yaml@https://registry.npm.taobao.org/yaml/-/yaml-2.7.0.tgz. Extracting by manifest.
494 silly tarball no local data for wrappy@https://registry.npm.taobao.org/wrappy/-/wrappy-1.0.2.tgz. Extracting by manifest.
495 silly tarball no local data for wrap-ansi-cjs@https://registry.npm.taobao.org/wrap-ansi/-/wrap-ansi-7.0.0.tgz. Extracting by manifest.
496 silly tarball no local data for which-typed-array@https://registry.npm.taobao.org/which-typed-array/-/which-typed-array-1.1.19.tgz. Extracting by manifest.
497 silly tarball no local data for word-wrap@https://registry.npm.taobao.org/word-wrap/-/word-wrap-1.2.5.tgz. Extracting by manifest.
498 silly tarball no local data for wrap-ansi@https://registry.npm.taobao.org/wrap-ansi/-/wrap-ansi-8.1.0.tgz. Extracting by manifest.
499 silly tarball no local data for which-collection@https://registry.npm.taobao.org/which-collection/-/which-collection-1.0.2.tgz. Extracting by manifest.
500 silly tarball no local data for which-builtin-type@https://registry.npm.taobao.org/which-builtin-type/-/which-builtin-type-1.2.1.tgz. Extracting by manifest.
501 silly tarball no local data for which-boxed-primitive@https://registry.npm.taobao.org/which-boxed-primitive/-/which-boxed-primitive-1.1.1.tgz. Extracting by manifest.
502 silly tarball no local data for which@https://registry.npm.taobao.org/which/-/which-2.0.2.tgz. Extracting by manifest.
503 silly tarball no local data for util-deprecate@https://registry.npm.taobao.org/util-deprecate/-/util-deprecate-1.0.2.tgz. Extracting by manifest.
504 silly tarball no local data for watchpack@https://registry.npm.taobao.org/watchpack/-/watchpack-2.4.0.tgz. Extracting by manifest.
505 silly tarball no local data for uri-js@https://registry.npm.taobao.org/uri-js/-/uri-js-4.4.1.tgz. Extracting by manifest.
506 silly tarball no local data for undici-types@https://registry.npm.taobao.org/undici-types/-/undici-types-6.20.0.tgz. Extracting by manifest.
507 silly tarball no local data for update-browserslist-db@https://registry.npm.taobao.org/update-browserslist-db/-/update-browserslist-db-1.1.3.tgz. Extracting by manifest.
508 silly tarball no local data for unbox-primitive@https://registry.npm.taobao.org/unbox-primitive/-/unbox-primitive-1.1.0.tgz. Extracting by manifest.
509 silly tarball no local data for typed-array-length@https://registry.npm.taobao.org/typed-array-length/-/typed-array-length-1.0.7.tgz. Extracting by manifest.
510 silly tarball no local data for typescript@https://registry.npm.taobao.org/typescript/-/typescript-5.8.2.tgz. Extracting by manifest.
511 silly tarball no local data for typed-array-byte-offset@https://registry.npm.taobao.org/typed-array-byte-offset/-/typed-array-byte-offset-1.0.4.tgz. Extracting by manifest.
512 silly tarball no local data for typed-array-byte-length@https://registry.npm.taobao.org/typed-array-byte-length/-/typed-array-byte-length-1.0.3.tgz. Extracting by manifest.
513 silly tarball no local data for typed-array-buffer@https://registry.npm.taobao.org/typed-array-buffer/-/typed-array-buffer-1.0.3.tgz. Extracting by manifest.
514 silly tarball no local data for tslib@https://registry.npm.taobao.org/tslib/-/tslib-2.8.1.tgz. Extracting by manifest.
515 silly tarball no local data for type-fest@https://registry.npm.taobao.org/type-fest/-/type-fest-0.20.2.tgz. Extracting by manifest.
516 silly tarball no local data for type-check@https://registry.npm.taobao.org/type-check/-/type-check-0.4.0.tgz. Extracting by manifest.
517 silly tarball no local data for tsconfig-paths@https://registry.npm.taobao.org/tsconfig-paths/-/tsconfig-paths-3.15.0.tgz. Extracting by manifest.
518 silly tarball no local data for ts-interface-checker@https://registry.npm.taobao.org/ts-interface-checker/-/ts-interface-checker-0.1.13.tgz. Extracting by manifest.
519 silly tarball no local data for ts-api-utils@https://registry.npm.taobao.org/ts-api-utils/-/ts-api-utils-1.4.3.tgz. Extracting by manifest.
520 silly tarball no local data for toggle-selection@https://registry.npm.taobao.org/toggle-selection/-/toggle-selection-1.0.6.tgz. Extracting by manifest.
521 silly tarball no local data for thenify-all@https://registry.npm.taobao.org/thenify-all/-/thenify-all-1.6.0.tgz. Extracting by manifest.
522 silly tarball no local data for to-regex-range@https://registry.npm.taobao.org/to-regex-range/-/to-regex-range-5.0.1.tgz. Extracting by manifest.
523 silly tarball no local data for throttle-debounce@https://registry.npm.taobao.org/throttle-debounce/-/throttle-debounce-5.0.2.tgz. Extracting by manifest.
524 silly tarball no local data for tinyglobby@https://registry.npm.taobao.org/tinyglobby/-/tinyglobby-0.2.12.tgz. Extracting by manifest.
525 silly tarball no local data for tapable@https://registry.npm.taobao.org/tapable/-/tapable-2.2.1.tgz. Extracting by manifest.
526 silly tarball no local data for text-table@https://registry.npm.taobao.org/text-table/-/text-table-0.2.0.tgz. Extracting by manifest.
527 silly tarball no local data for thenify@https://registry.npm.taobao.org/thenify/-/thenify-3.3.1.tgz. Extracting by manifest.
528 silly tarball no local data for supports-preserve-symlinks-flag@https://registry.npm.taobao.org/supports-preserve-symlinks-flag/-/supports-preserve-symlinks-flag-1.0.0.tgz. Extracting by manifest.
529 silly tarball no local data for tailwindcss@https://registry.npm.taobao.org/tailwindcss/-/tailwindcss-3.3.3.tgz. Extracting by manifest.
530 silly tarball no local data for swiper@https://registry.npm.taobao.org/swiper/-/swiper-10.2.0.tgz. Extracting by manifest.
531 silly tarball no local data for sucrase@https://registry.npm.taobao.org/sucrase/-/sucrase-3.35.0.tgz. Extracting by manifest.
532 silly tarball no local data for supports-color@https://registry.npm.taobao.org/supports-color/-/supports-color-7.2.0.tgz. Extracting by manifest.
533 silly tarball no local data for strip-json-comments@https://registry.npm.taobao.org/strip-json-comments/-/strip-json-comments-3.1.1.tgz. Extracting by manifest.
534 silly tarball no local data for stylis@https://registry.npm.taobao.org/stylis/-/stylis-4.3.6.tgz. Extracting by manifest.
535 silly tarball no local data for strip-ansi-cjs@https://registry.npm.taobao.org/strip-ansi/-/strip-ansi-6.0.1.tgz. Extracting by manifest.
536 silly tarball no local data for styled-jsx@https://registry.npm.taobao.org/styled-jsx/-/styled-jsx-5.1.1.tgz. Extracting by manifest.
537 silly tarball no local data for strip-ansi@https://registry.npm.taobao.org/strip-ansi/-/strip-ansi-6.0.1.tgz. Extracting by manifest.
538 silly tarball no local data for strip-bom@https://registry.npm.taobao.org/strip-bom/-/strip-bom-3.0.0.tgz. Extracting by manifest.
539 silly tarball no local data for string.prototype.trimstart@https://registry.npm.taobao.org/string.prototype.trimstart/-/string.prototype.trimstart-1.0.8.tgz. Extracting by manifest.
540 silly tarball no local data for string.prototype.trim@https://registry.npm.taobao.org/string.prototype.trim/-/string.prototype.trim-1.2.10.tgz. Extracting by manifest.
541 silly tarball no local data for string.prototype.trimend@https://registry.npm.taobao.org/string.prototype.trimend/-/string.prototype.trimend-1.0.9.tgz. Extracting by manifest.
542 silly tarball no local data for string.prototype.repeat@https://registry.npm.taobao.org/string.prototype.repeat/-/string.prototype.repeat-1.0.0.tgz. Extracting by manifest.
543 silly tarball no local data for string.prototype.matchall@https://registry.npm.taobao.org/string.prototype.matchall/-/string.prototype.matchall-4.0.12.tgz. Extracting by manifest.
544 silly tarball no local data for string.prototype.includes@https://registry.npm.taobao.org/string.prototype.includes/-/string.prototype.includes-2.0.1.tgz. Extracting by manifest.
545 silly tarball no local data for string-width-cjs@https://registry.npm.taobao.org/string-width/-/string-width-4.2.3.tgz. Extracting by manifest.
546 silly tarball no local data for string-width@https://registry.npm.taobao.org/string-width/-/string-width-5.1.2.tgz. Extracting by manifest.
547 silly tarball no local data for string-convert@https://registry.npm.taobao.org/string-convert/-/string-convert-0.2.1.tgz. Extracting by manifest.
548 silly tarball no local data for streamsearch@https://registry.npm.taobao.org/streamsearch/-/streamsearch-1.1.0.tgz. Extracting by manifest.
549 silly tarball no local data for signal-exit@https://registry.npm.taobao.org/signal-exit/-/signal-exit-4.1.0.tgz. Extracting by manifest.
550 silly tarball no local data for slash@https://registry.npm.taobao.org/slash/-/slash-3.0.0.tgz. Extracting by manifest.
551 silly tarball no local data for source-map-js@https://registry.npm.taobao.org/source-map-js/-/source-map-js-1.2.1.tgz. Extracting by manifest.
552 silly tarball no local data for stable-hash@https://registry.npm.taobao.org/stable-hash/-/stable-hash-0.0.4.tgz. Extracting by manifest.
553 silly tarball no local data for side-channel-weakmap@https://registry.npm.taobao.org/side-channel-weakmap/-/side-channel-weakmap-1.0.2.tgz. Extracting by manifest.
554 silly tarball no local data for side-channel-map@https://registry.npm.taobao.org/side-channel-map/-/side-channel-map-1.0.1.tgz. Extracting by manifest.
555 silly tarball no local data for shebang-regex@https://registry.npm.taobao.org/shebang-regex/-/shebang-regex-3.0.0.tgz. Extracting by manifest.
556 silly tarball no local data for side-channel-list@https://registry.npm.taobao.org/side-channel-list/-/side-channel-list-1.0.0.tgz. Extracting by manifest.
557 silly tarball no local data for side-channel@https://registry.npm.taobao.org/side-channel/-/side-channel-1.1.0.tgz. Extracting by manifest.
558 silly tarball no local data for shebang-command@https://registry.npm.taobao.org/shebang-command/-/shebang-command-2.0.0.tgz. Extracting by manifest.
559 silly tarball no local data for set-proto@https://registry.npm.taobao.org/set-proto/-/set-proto-1.0.0.tgz. Extracting by manifest.
560 silly tarball no local data for set-function-length@https://registry.npm.taobao.org/set-function-length/-/set-function-length-1.2.2.tgz. Extracting by manifest.
561 silly tarball no local data for set-function-name@https://registry.npm.taobao.org/set-function-name/-/set-function-name-2.0.2.tgz. Extracting by manifest.
562 silly tarball no local data for semver@https://registry.npm.taobao.org/semver/-/semver-7.7.1.tgz. Extracting by manifest.
563 silly tarball no local data for scroll-into-view-if-needed@https://registry.npm.taobao.org/scroll-into-view-if-needed/-/scroll-into-view-if-needed-3.1.0.tgz. Extracting by manifest.
564 silly tarball no local data for safe-array-concat@https://registry.npm.taobao.org/safe-array-concat/-/safe-array-concat-1.1.3.tgz. Extracting by manifest.
565 silly tarball no local data for scheduler@https://registry.npm.taobao.org/scheduler/-/scheduler-0.23.2.tgz. Extracting by manifest.
566 silly tarball no local data for safe-push-apply@https://registry.npm.taobao.org/safe-push-apply/-/safe-push-apply-1.0.0.tgz. Extracting by manifest.
567 silly tarball no local data for safe-regex-test@https://registry.npm.taobao.org/safe-regex-test/-/safe-regex-test-1.1.0.tgz. Extracting by manifest.
568 silly tarball no local data for rimraf@https://registry.npm.taobao.org/rimraf/-/rimraf-3.0.2.tgz. Extracting by manifest.
569 silly tarball no local data for resolve-pkg-maps@https://registry.npm.taobao.org/resolve-pkg-maps/-/resolve-pkg-maps-1.0.0.tgz. Extracting by manifest.
570 silly tarball no local data for reusify@https://registry.npm.taobao.org/reusify/-/reusify-1.1.0.tgz. Extracting by manifest.
571 silly tarball no local data for run-parallel@https://registry.npm.taobao.org/run-parallel/-/run-parallel-1.2.0.tgz. Extracting by manifest.
572 silly tarball no local data for regexp.prototype.flags@https://registry.npm.taobao.org/regexp.prototype.flags/-/regexp.prototype.flags-1.5.4.tgz. Extracting by manifest.
573 silly tarball no local data for resolve-from@https://registry.npm.taobao.org/resolve-from/-/resolve-from-4.0.0.tgz. Extracting by manifest.
574 silly tarball no local data for regenerator-runtime@https://registry.npm.taobao.org/regenerator-runtime/-/regenerator-runtime-0.14.1.tgz. Extracting by manifest.
575 silly tarball no local data for reflect.getprototypeof@https://registry.npm.taobao.org/reflect.getprototypeof/-/reflect.getprototypeof-1.0.10.tgz. Extracting by manifest.
576 silly tarball no local data for resolve@https://registry.npm.taobao.org/resolve/-/resolve-1.22.10.tgz. Extracting by manifest.
577 silly tarball no local data for resize-observer-polyfill@https://registry.npm.taobao.org/resize-observer-polyfill/-/resize-observer-polyfill-1.5.1.tgz. Extracting by manifest.
578 silly tarball no local data for react-swipeable@https://registry.npm.taobao.org/react-swipeable/-/react-swipeable-7.0.1.tgz. Extracting by manifest.
579 silly tarball no local data for readdirp@https://registry.npm.taobao.org/readdirp/-/readdirp-3.6.0.tgz. Extracting by manifest.
580 silly tarball no local data for read-cache@https://registry.npm.taobao.org/read-cache/-/read-cache-1.0.0.tgz. Extracting by manifest.
581 silly tarball no local data for react-dom@https://registry.npm.taobao.org/react-dom/-/react-dom-18.2.0.tgz. Extracting by manifest.
582 silly tarball no local data for react-is@https://registry.npm.taobao.org/react-is/-/react-is-16.13.1.tgz. Extracting by manifest.
583 silly tarball no local data for rc-virtual-list@https://registry.npm.taobao.org/rc-virtual-list/-/rc-virtual-list-3.18.4.tgz. Extracting by manifest.
584 silly tarball no local data for react@https://registry.npm.taobao.org/react/-/react-18.2.0.tgz. Extracting by manifest.
585 silly tarball no local data for rc-tree-select@https://registry.npm.taobao.org/rc-tree-select/-/rc-tree-select-5.11.2.tgz. Extracting by manifest.
586 silly tarball no local data for rc-upload@https://registry.npm.taobao.org/rc-upload/-/rc-upload-4.3.6.tgz. Extracting by manifest.
587 silly tarball no local data for rc-util@https://registry.npm.taobao.org/rc-util/-/rc-util-5.44.4.tgz. Extracting by manifest.
588 silly tarball no local data for rc-tooltip@https://registry.npm.taobao.org/rc-tooltip/-/rc-tooltip-6.0.1.tgz. Extracting by manifest.
589 silly tarball no local data for rc-tree@https://registry.npm.taobao.org/rc-tree/-/rc-tree-5.7.12.tgz. Extracting by manifest.
590 silly tarball no local data for rc-tabs@https://registry.npm.taobao.org/rc-tabs/-/rc-tabs-12.9.0.tgz. Extracting by manifest.
591 silly tarball no local data for rc-textarea@https://registry.npm.taobao.org/rc-textarea/-/rc-textarea-1.3.4.tgz. Extracting by manifest.
592 silly tarball no local data for rc-table@https://registry.npm.taobao.org/rc-table/-/rc-table-7.32.3.tgz. Extracting by manifest.
593 silly tarball no local data for rc-switch@https://registry.npm.taobao.org/rc-switch/-/rc-switch-4.1.0.tgz. Extracting by manifest.
594 silly tarball no local data for rc-steps@https://registry.npm.taobao.org/rc-steps/-/rc-steps-6.0.1.tgz. Extracting by manifest.
595 silly tarball no local data for rc-slider@https://registry.npm.taobao.org/rc-slider/-/rc-slider-10.2.1.tgz. Extracting by manifest.
596 silly tarball no local data for rc-select@https://registry.npm.taobao.org/rc-select/-/rc-select-14.7.4.tgz. Extracting by manifest.
597 silly tarball no local data for rc-resize-observer@https://registry.npm.taobao.org/rc-resize-observer/-/rc-resize-observer-1.4.3.tgz. Extracting by manifest.
598 silly tarball no local data for rc-segmented@https://registry.npm.taobao.org/rc-segmented/-/rc-segmented-2.2.2.tgz. Extracting by manifest.
599 silly tarball no local data for rc-progress@https://registry.npm.taobao.org/rc-progress/-/rc-progress-3.4.2.tgz. Extracting by manifest.
600 silly tarball no local data for rc-rate@https://registry.npm.taobao.org/rc-rate/-/rc-rate-2.12.0.tgz. Extracting by manifest.
601 silly tarball no local data for rc-picker@https://registry.npm.taobao.org/rc-picker/-/rc-picker-3.13.2.tgz. Extracting by manifest.
602 silly tarball no local data for rc-pagination@https://registry.npm.taobao.org/rc-pagination/-/rc-pagination-3.6.1.tgz. Extracting by manifest.
603 silly tarball no local data for rc-overflow@https://registry.npm.taobao.org/rc-overflow/-/rc-overflow-1.4.1.tgz. Extracting by manifest.
604 silly tarball no local data for rc-notification@https://registry.npm.taobao.org/rc-notification/-/rc-notification-5.1.1.tgz. Extracting by manifest.
605 silly tarball no local data for rc-motion@https://registry.npm.taobao.org/rc-motion/-/rc-motion-2.9.5.tgz. Extracting by manifest.
606 silly tarball no local data for rc-menu@https://registry.npm.taobao.org/rc-menu/-/rc-menu-9.10.0.tgz. Extracting by manifest.
607 silly tarball no local data for rc-mentions@https://registry.npm.taobao.org/rc-mentions/-/rc-mentions-2.5.0.tgz. Extracting by manifest.
608 silly tarball no local data for rc-input-number@https://registry.npm.taobao.org/rc-input-number/-/rc-input-number-8.0.4.tgz. Extracting by manifest.
609 silly tarball no local data for rc-field-form@https://registry.npm.taobao.org/rc-field-form/-/rc-field-form-1.36.2.tgz. Extracting by manifest.
610 silly tarball no local data for rc-input@https://registry.npm.taobao.org/rc-input/-/rc-input-1.1.1.tgz. Extracting by manifest.
611 silly tarball no local data for rc-image@https://registry.npm.taobao.org/rc-image/-/rc-image-7.1.3.tgz. Extracting by manifest.
612 silly tarball no local data for rc-dropdown@https://registry.npm.taobao.org/rc-dropdown/-/rc-dropdown-4.1.0.tgz. Extracting by manifest.
613 silly tarball no local data for rc-drawer@https://registry.npm.taobao.org/rc-drawer/-/rc-drawer-6.2.0.tgz. Extracting by manifest.
614 silly tarball no local data for rc-dialog@https://registry.npm.taobao.org/rc-dialog/-/rc-dialog-9.1.0.tgz. Extracting by manifest.
615 silly tarball no local data for rc-checkbox@https://registry.npm.taobao.org/rc-checkbox/-/rc-checkbox-3.1.0.tgz. Extracting by manifest.
616 silly tarball no local data for rc-collapse@https://registry.npm.taobao.org/rc-collapse/-/rc-collapse-3.7.3.tgz. Extracting by manifest.
617 silly tarball no local data for rc-cascader@https://registry.npm.taobao.org/rc-cascader/-/rc-cascader-3.14.1.tgz. Extracting by manifest.
618 silly tarball no local data for qrcode.react@https://registry.npm.taobao.org/qrcode.react/-/qrcode.react-3.2.0.tgz. Extracting by manifest.
619 silly tarball no local data for queue-microtask@https://registry.npm.taobao.org/queue-microtask/-/queue-microtask-1.2.3.tgz. Extracting by manifest.
620 silly tarball no local data for punycode@https://registry.npm.taobao.org/punycode/-/punycode-2.3.1.tgz. Extracting by manifest.
621 silly tarball no local data for prop-types@https://registry.npm.taobao.org/prop-types/-/prop-types-15.8.1.tgz. Extracting by manifest.
622 silly tarball no local data for postcss-value-parser@https://registry.npm.taobao.org/postcss-value-parser/-/postcss-value-parser-4.2.0.tgz. Extracting by manifest.
623 silly tarball no local data for prelude-ls@https://registry.npm.taobao.org/prelude-ls/-/prelude-ls-1.2.1.tgz. Extracting by manifest.
624 silly tarball no local data for postcss-selector-parser@https://registry.npm.taobao.org/postcss-selector-parser/-/postcss-selector-parser-6.1.2.tgz. Extracting by manifest.
625 silly tarball no local data for postcss-import@https://registry.npm.taobao.org/postcss-import/-/postcss-import-15.1.0.tgz. Extracting by manifest.
626 silly tarball no local data for postcss-nested@https://registry.npm.taobao.org/postcss-nested/-/postcss-nested-6.2.0.tgz. Extracting by manifest.
627 silly tarball no local data for postcss@https://registry.npm.taobao.org/postcss/-/postcss-8.4.29.tgz. Extracting by manifest.
628 silly tarball no local data for postcss-load-config@https://registry.npm.taobao.org/postcss-load-config/-/postcss-load-config-4.0.2.tgz. Extracting by manifest.
629 silly tarball no local data for picomatch@https://registry.npm.taobao.org/picomatch/-/picomatch-2.3.1.tgz. Extracting by manifest.
630 silly tarball no local data for postcss-js@https://registry.npm.taobao.org/postcss-js/-/postcss-js-4.0.1.tgz. Extracting by manifest.
631 silly tarball no local data for possible-typed-array-names@https://registry.npm.taobao.org/possible-typed-array-names/-/possible-typed-array-names-1.1.0.tgz. Extracting by manifest.
632 silly tarball no local data for pirates@https://registry.npm.taobao.org/pirates/-/pirates-4.0.6.tgz. Extracting by manifest.
633 silly tarball no local data for pify@https://registry.npm.taobao.org/pify/-/pify-2.3.0.tgz. Extracting by manifest.
634 silly tarball no local data for picocolors@https://registry.npm.taobao.org/picocolors/-/picocolors-1.1.1.tgz. Extracting by manifest.
635 silly tarball no local data for path-scurry@https://registry.npm.taobao.org/path-scurry/-/path-scurry-1.11.1.tgz. Extracting by manifest.
636 silly tarball no local data for path-type@https://registry.npm.taobao.org/path-type/-/path-type-4.0.0.tgz. Extracting by manifest.
637 silly tarball no local data for path-parse@https://registry.npm.taobao.org/path-parse/-/path-parse-1.0.7.tgz. Extracting by manifest.
638 silly tarball no local data for path-is-absolute@https://registry.npm.taobao.org/path-is-absolute/-/path-is-absolute-1.0.1.tgz. Extracting by manifest.
639 silly tarball no local data for path-key@https://registry.npm.taobao.org/path-key/-/path-key-3.1.1.tgz. Extracting by manifest.
640 silly tarball no local data for parent-module@https://registry.npm.taobao.org/parent-module/-/parent-module-1.0.1.tgz. Extracting by manifest.
641 silly tarball no local data for package-json-from-dist@https://registry.npm.taobao.org/package-json-from-dist/-/package-json-from-dist-1.0.1.tgz. Extracting by manifest.
642 silly tarball no local data for p-locate@https://registry.npm.taobao.org/p-locate/-/p-locate-5.0.0.tgz. Extracting by manifest.
643 silly tarball no local data for path-exists@https://registry.npm.taobao.org/path-exists/-/path-exists-4.0.0.tgz. Extracting by manifest.
644 silly tarball no local data for p-limit@https://registry.npm.taobao.org/p-limit/-/p-limit-3.1.0.tgz. Extracting by manifest.
645 silly tarball no local data for own-keys@https://registry.npm.taobao.org/own-keys/-/own-keys-1.0.1.tgz. Extracting by manifest.
646 silly tarball no local data for once@https://registry.npm.taobao.org/once/-/once-1.4.0.tgz. Extracting by manifest.
647 silly tarball no local data for optionator@https://registry.npm.taobao.org/optionator/-/optionator-0.9.4.tgz. Extracting by manifest.
648 silly tarball no local data for object.values@https://registry.npm.taobao.org/object.values/-/object.values-1.2.1.tgz. Extracting by manifest.
649 silly tarball no local data for object.groupby@https://registry.npm.taobao.org/object.groupby/-/object.groupby-1.0.3.tgz. Extracting by manifest.
650 silly tarball no local data for object.fromentries@https://registry.npm.taobao.org/object.fromentries/-/object.fromentries-2.0.8.tgz. Extracting by manifest.
651 silly tarball no local data for object.entries@https://registry.npm.taobao.org/object.entries/-/object.entries-1.1.8.tgz. Extracting by manifest.
652 silly tarball no local data for object.assign@https://registry.npm.taobao.org/object.assign/-/object.assign-4.1.7.tgz. Extracting by manifest.
653 silly tarball no local data for object-inspect@https://registry.npm.taobao.org/object-inspect/-/object-inspect-1.13.4.tgz. Extracting by manifest.
654 silly tarball no local data for object-keys@https://registry.npm.taobao.org/object-keys/-/object-keys-1.1.1.tgz. Extracting by manifest.
655 silly tarball no local data for object-hash@https://registry.npm.taobao.org/object-hash/-/object-hash-3.0.0.tgz. Extracting by manifest.
656 silly tarball no local data for normalize-path@https://registry.npm.taobao.org/normalize-path/-/normalize-path-3.0.0.tgz. Extracting by manifest.
657 silly tarball no local data for object-assign@https://registry.npm.taobao.org/object-assign/-/object-assign-4.1.1.tgz. Extracting by manifest.
658 silly tarball no local data for normalize-range@https://registry.npm.taobao.org/normalize-range/-/normalize-range-0.1.2.tgz. Extracting by manifest.
659 silly tarball no local data for nprogress@https://registry.npm.taobao.org/nprogress/-/nprogress-0.2.0.tgz. Extracting by manifest.
660 silly tarball no local data for mz@https://registry.npm.taobao.org/mz/-/mz-2.7.0.tgz. Extracting by manifest.
661 silly tarball no local data for node-releases@https://registry.npm.taobao.org/node-releases/-/node-releases-2.0.19.tgz. Extracting by manifest.
662 silly tarball no local data for natural-compare@https://registry.npm.taobao.org/natural-compare/-/natural-compare-1.4.0.tgz. Extracting by manifest.
663 silly tarball no local data for next@https://registry.npm.taobao.org/next/-/next-13.4.19.tgz. Extracting by manifest.
664 silly tarball no local data for nanoid@https://registry.npm.taobao.org/nanoid/-/nanoid-3.3.9.tgz. Extracting by manifest.
665 silly tarball no local data for ms@https://registry.npm.taobao.org/ms/-/ms-2.1.3.tgz. Extracting by manifest.
666 silly tarball no local data for minipass@https://registry.npm.taobao.org/minipass/-/minipass-7.1.2.tgz. Extracting by manifest.
667 silly tarball no local data for minimist@https://registry.npm.taobao.org/minimist/-/minimist-1.2.8.tgz. Extracting by manifest.
668 silly tarball no local data for micromatch@https://registry.npm.taobao.org/micromatch/-/micromatch-4.0.8.tgz. Extracting by manifest.
669 silly tarball no local data for minimatch@https://registry.npm.taobao.org/minimatch/-/minimatch-3.1.2.tgz. Extracting by manifest.
670 silly tarball no local data for merge2@https://registry.npm.taobao.org/merge2/-/merge2-1.4.1.tgz. Extracting by manifest.
671 silly tarball no local data for math-intrinsics@https://registry.npm.taobao.org/math-intrinsics/-/math-intrinsics-1.1.0.tgz. Extracting by manifest.
672 silly tarball no local data for locate-path@https://registry.npm.taobao.org/locate-path/-/locate-path-6.0.0.tgz. Extracting by manifest.
673 silly tarball no local data for lilconfig@https://registry.npm.taobao.org/lilconfig/-/lilconfig-2.1.0.tgz. Extracting by manifest.
674 silly tarball no local data for loose-envify@https://registry.npm.taobao.org/loose-envify/-/loose-envify-1.4.0.tgz. Extracting by manifest.
675 silly tarball no local data for lodash.merge@https://registry.npm.taobao.org/lodash.merge/-/lodash.merge-4.6.2.tgz. Extracting by manifest.
676 silly tarball no local data for lines-and-columns@https://registry.npm.taobao.org/lines-and-columns/-/lines-and-columns-1.2.4.tgz. Extracting by manifest.
677 silly tarball no local data for levn@https://registry.npm.taobao.org/levn/-/levn-0.4.1.tgz. Extracting by manifest.
678 silly tarball no local data for language-tags@https://registry.npm.taobao.org/language-tags/-/language-tags-1.0.9.tgz. Extracting by manifest.
679 silly tarball no local data for language-subtag-registry@https://registry.npm.taobao.org/language-subtag-registry/-/language-subtag-registry-0.3.23.tgz. Extracting by manifest.
680 silly tarball no local data for json2mq@https://registry.npm.taobao.org/json2mq/-/json2mq-0.2.0.tgz. Extracting by manifest.
681 silly tarball no local data for lru-cache@https://registry.npm.taobao.org/lru-cache/-/lru-cache-10.4.3.tgz. Extracting by manifest.
682 silly tarball no local data for json-stable-stringify-without-jsonify@https://registry.npm.taobao.org/json-stable-stringify-without-jsonify/-/json-stable-stringify-without-jsonify-1.0.1.tgz. Extracting by manifest.
683 silly tarball no local data for jsx-ast-utils@https://registry.npm.taobao.org/jsx-ast-utils/-/jsx-ast-utils-3.3.5.tgz. Extracting by manifest.
684 silly tarball no local data for json-buffer@https://registry.npm.taobao.org/json-buffer/-/json-buffer-3.0.1.tgz. Extracting by manifest.
685 silly tarball no local data for json-schema-traverse@https://registry.npm.taobao.org/json-schema-traverse/-/json-schema-traverse-0.4.1.tgz. Extracting by manifest.
686 silly tarball no local data for js-yaml@https://registry.npm.taobao.org/js-yaml/-/js-yaml-4.1.0.tgz. Extracting by manifest.
687 silly tarball no local data for js-tokens@https://registry.npm.taobao.org/js-tokens/-/js-tokens-4.0.0.tgz. Extracting by manifest.
688 silly tarball no local data for json5@https://registry.npm.taobao.org/json5/-/json5-1.0.2.tgz. Extracting by manifest.
689 silly tarball no local data for keyv@https://registry.npm.taobao.org/keyv/-/keyv-4.5.4.tgz. Extracting by manifest.
690 silly tarball no local data for iterator.prototype@https://registry.npm.taobao.org/iterator.prototype/-/iterator.prototype-1.1.5.tgz. Extracting by manifest.
691 silly tarball no local data for jackspeak@https://registry.npm.taobao.org/jackspeak/-/jackspeak-3.4.3.tgz. Extracting by manifest.
692 silly tarball no local data for isarray@https://registry.npm.taobao.org/isarray/-/isarray-2.0.5.tgz. Extracting by manifest.
693 silly tarball no local data for jiti@https://registry.npm.taobao.org/jiti/-/jiti-1.21.7.tgz. Extracting by manifest.
694 silly tarball no local data for is-typed-array@https://registry.npm.taobao.org/is-typed-array/-/is-typed-array-1.1.15.tgz. Extracting by manifest.
695 silly tarball no local data for is-weakset@https://registry.npm.taobao.org/is-weakset/-/is-weakset-2.0.4.tgz. Extracting by manifest.
696 silly tarball no local data for is-weakref@https://registry.npm.taobao.org/is-weakref/-/is-weakref-1.1.1.tgz. Extracting by manifest.
697 silly tarball no local data for isexe@https://registry.npm.taobao.org/isexe/-/isexe-2.0.0.tgz. Extracting by manifest.
698 silly tarball no local data for is-symbol@https://registry.npm.taobao.org/is-symbol/-/is-symbol-1.1.1.tgz. Extracting by manifest.
699 silly tarball no local data for is-set@https://registry.npm.taobao.org/is-set/-/is-set-2.0.3.tgz. Extracting by manifest.
700 silly tarball no local data for is-string@https://registry.npm.taobao.org/is-string/-/is-string-1.1.1.tgz. Extracting by manifest.
701 silly tarball no local data for is-weakmap@https://registry.npm.taobao.org/is-weakmap/-/is-weakmap-2.0.2.tgz. Extracting by manifest.
702 silly tarball no local data for is-regex@https://registry.npm.taobao.org/is-regex/-/is-regex-1.2.1.tgz. Extracting by manifest.
703 silly tarball no local data for is-map@https://registry.npm.taobao.org/is-map/-/is-map-2.0.3.tgz. Extracting by manifest.
704 silly tarball no local data for is-shared-array-buffer@https://registry.npm.taobao.org/is-shared-array-buffer/-/is-shared-array-buffer-1.0.4.tgz. Extracting by manifest.
705 silly tarball no local data for is-number-object@https://registry.npm.taobao.org/is-number-object/-/is-number-object-1.1.1.tgz. Extracting by manifest.
706 silly tarball no local data for is-number@https://registry.npm.taobao.org/is-number/-/is-number-7.0.0.tgz. Extracting by manifest.
707 silly tarball no local data for is-glob@https://registry.npm.taobao.org/is-glob/-/is-glob-4.0.3.tgz. Extracting by manifest.
708 silly tarball no local data for is-fullwidth-code-point@https://registry.npm.taobao.org/is-fullwidth-code-point/-/is-fullwidth-code-point-3.0.0.tgz. Extracting by manifest.
709 silly tarball no local data for is-path-inside@https://registry.npm.taobao.org/is-path-inside/-/is-path-inside-3.0.3.tgz. Extracting by manifest.
710 silly tarball no local data for is-generator-function@https://registry.npm.taobao.org/is-generator-function/-/is-generator-function-1.1.0.tgz. Extracting by manifest.
711 silly tarball no local data for is-data-view@https://registry.npm.taobao.org/is-data-view/-/is-data-view-1.0.2.tgz. Extracting by manifest.
712 silly tarball no local data for is-finalizationregistry@https://registry.npm.taobao.org/is-finalizationregistry/-/is-finalizationregistry-1.1.1.tgz. Extracting by manifest.
713 silly tarball no local data for is-extglob@https://registry.npm.taobao.org/is-extglob/-/is-extglob-2.1.1.tgz. Extracting by manifest.
714 silly tarball no local data for is-callable@https://registry.npm.taobao.org/is-callable/-/is-callable-1.2.7.tgz. Extracting by manifest.
715 silly tarball no local data for is-date-object@https://registry.npm.taobao.org/is-date-object/-/is-date-object-1.1.0.tgz. Extracting by manifest.
716 silly tarball no local data for is-core-module@https://registry.npm.taobao.org/is-core-module/-/is-core-module-2.16.1.tgz. Extracting by manifest.
717 silly tarball no local data for is-bun-module@https://registry.npm.taobao.org/is-bun-module/-/is-bun-module-1.3.0.tgz. Extracting by manifest.
718 silly tarball no local data for is-binary-path@https://registry.npm.taobao.org/is-binary-path/-/is-binary-path-2.1.0.tgz. Extracting by manifest.
719 silly tarball no local data for is-boolean-object@https://registry.npm.taobao.org/is-boolean-object/-/is-boolean-object-1.2.2.tgz. Extracting by manifest.
720 silly tarball no local data for is-bigint@https://registry.npm.taobao.org/is-bigint/-/is-bigint-1.1.0.tgz. Extracting by manifest.
721 silly tarball no local data for is-array-buffer@https://registry.npm.taobao.org/is-array-buffer/-/is-array-buffer-3.0.5.tgz. Extracting by manifest.
722 silly tarball no local data for internal-slot@https://registry.npm.taobao.org/internal-slot/-/internal-slot-1.1.0.tgz. Extracting by manifest.
723 silly tarball no local data for is-async-function@https://registry.npm.taobao.org/is-async-function/-/is-async-function-2.1.1.tgz. Extracting by manifest.
724 silly tarball no local data for inherits@https://registry.npm.taobao.org/inherits/-/inherits-2.0.4.tgz. Extracting by manifest.
725 silly tarball no local data for ignore@https://registry.npm.taobao.org/ignore/-/ignore-5.3.2.tgz. Extracting by manifest.
726 silly tarball no local data for inflight@https://registry.npm.taobao.org/inflight/-/inflight-1.0.6.tgz. Extracting by manifest.
727 silly tarball no local data for imurmurhash@https://registry.npm.taobao.org/imurmurhash/-/imurmurhash-0.1.4.tgz. Extracting by manifest.
728 silly tarball no local data for import-fresh@https://registry.npm.taobao.org/import-fresh/-/import-fresh-3.3.1.tgz. Extracting by manifest.
729 silly tarball no local data for has-symbols@https://registry.npm.taobao.org/has-symbols/-/has-symbols-1.1.0.tgz. Extracting by manifest.
730 silly tarball no local data for hasown@https://registry.npm.taobao.org/hasown/-/hasown-2.0.2.tgz. Extracting by manifest.
731 silly tarball no local data for has-tostringtag@https://registry.npm.taobao.org/has-tostringtag/-/has-tostringtag-1.0.2.tgz. Extracting by manifest.
732 silly tarball no local data for has-proto@https://registry.npm.taobao.org/has-proto/-/has-proto-1.2.0.tgz. Extracting by manifest.
733 silly tarball no local data for has-property-descriptors@https://registry.npm.taobao.org/has-property-descriptors/-/has-property-descriptors-1.0.2.tgz. Extracting by manifest.
734 silly tarball no local data for has-bigints@https://registry.npm.taobao.org/has-bigints/-/has-bigints-1.1.0.tgz. Extracting by manifest.
735 silly tarball no local data for has-flag@https://registry.npm.taobao.org/has-flag/-/has-flag-4.0.0.tgz. Extracting by manifest.
736 silly tarball no local data for graphemer@https://registry.npm.taobao.org/graphemer/-/graphemer-1.4.0.tgz. Extracting by manifest.
737 silly tarball no local data for globby@https://registry.npm.taobao.org/globby/-/globby-11.1.0.tgz. Extracting by manifest.
738 silly tarball no local data for graceful-fs@https://registry.npm.taobao.org/graceful-fs/-/graceful-fs-4.2.11.tgz. Extracting by manifest.
739 silly tarball no local data for gopd@https://registry.npm.taobao.org/gopd/-/gopd-1.2.0.tgz. Extracting by manifest.
740 silly tarball no local data for glob@https://registry.npm.taobao.org/glob/-/glob-7.1.7.tgz. Extracting by manifest.
741 silly tarball no local data for globalthis@https://registry.npm.taobao.org/globalthis/-/globalthis-1.0.4.tgz. Extracting by manifest.
742 silly tarball no local data for get-tsconfig@https://registry.npm.taobao.org/get-tsconfig/-/get-tsconfig-4.10.0.tgz. Extracting by manifest.
743 silly tarball no local data for globals@https://registry.npm.taobao.org/globals/-/globals-13.24.0.tgz. Extracting by manifest.
744 silly tarball no local data for glob-parent@https://registry.npm.taobao.org/glob-parent/-/glob-parent-6.0.2.tgz. Extracting by manifest.
745 silly tarball no local data for get-proto@https://registry.npm.taobao.org/get-proto/-/get-proto-1.0.1.tgz. Extracting by manifest.
746 silly tarball no local data for glob-to-regexp@https://registry.npm.taobao.org/glob-to-regexp/-/glob-to-regexp-0.4.1.tgz. Extracting by manifest.
747 silly tarball no local data for get-intrinsic@https://registry.npm.taobao.org/get-intrinsic/-/get-intrinsic-1.3.0.tgz. Extracting by manifest.
748 silly tarball no local data for get-symbol-description@https://registry.npm.taobao.org/get-symbol-description/-/get-symbol-description-1.1.0.tgz. Extracting by manifest.
749 silly tarball no local data for functions-have-names@https://registry.npm.taobao.org/functions-have-names/-/functions-have-names-1.2.3.tgz. Extracting by manifest.
750 silly tarball no local data for function.prototype.name@https://registry.npm.taobao.org/function.prototype.name/-/function.prototype.name-1.1.8.tgz. Extracting by manifest.
751 silly tarball no local data for framer-motion@https://registry.npm.taobao.org/framer-motion/-/framer-motion-10.16.4.tgz. Extracting by manifest.
752 silly tarball no local data for function-bind@https://registry.npm.taobao.org/function-bind/-/function-bind-1.1.2.tgz. Extracting by manifest.
753 silly tarball no local data for fs.realpath@https://registry.npm.taobao.org/fs.realpath/-/fs.realpath-1.0.0.tgz. Extracting by manifest.
754 silly tarball no local data for foreground-child@https://registry.npm.taobao.org/foreground-child/-/foreground-child-3.3.1.tgz. Extracting by manifest.
755 silly tarball no local data for fraction.js@https://registry.npm.taobao.org/fraction.js/-/fraction.js-4.3.7.tgz. Extracting by manifest.
756 silly tarball no local data for flatted@https://registry.npm.taobao.org/flatted/-/flatted-3.3.3.tgz. Extracting by manifest.
757 silly tarball no local data for flat-cache@https://registry.npm.taobao.org/flat-cache/-/flat-cache-3.2.0.tgz. Extracting by manifest.
758 silly tarball no local data for for-each@https://registry.npm.taobao.org/for-each/-/for-each-0.3.5.tgz. Extracting by manifest.
759 silly tarball no local data for find-up@https://registry.npm.taobao.org/find-up/-/find-up-5.0.0.tgz. Extracting by manifest.
760 silly tarball no local data for fill-range@https://registry.npm.taobao.org/fill-range/-/fill-range-7.1.1.tgz. Extracting by manifest.
761 silly tarball no local data for fastq@https://registry.npm.taobao.org/fastq/-/fastq-1.19.1.tgz. Extracting by manifest.
762 silly tarball no local data for fast-levenshtein@https://registry.npm.taobao.org/fast-levenshtein/-/fast-levenshtein-2.0.6.tgz. Extracting by manifest.
763 silly tarball no local data for file-entry-cache@https://registry.npm.taobao.org/file-entry-cache/-/file-entry-cache-6.0.1.tgz. Extracting by manifest.
764 silly tarball no local data for fast-json-stable-stringify@https://registry.npm.taobao.org/fast-json-stable-stringify/-/fast-json-stable-stringify-2.1.0.tgz. Extracting by manifest.
765 silly tarball no local data for fast-glob@https://registry.npm.taobao.org/fast-glob/-/fast-glob-3.3.3.tgz. Extracting by manifest.
766 silly tarball no local data for fast-deep-equal@https://registry.npm.taobao.org/fast-deep-equal/-/fast-deep-equal-3.1.3.tgz. Extracting by manifest.
767 silly tarball no local data for esutils@https://registry.npm.taobao.org/esutils/-/esutils-2.0.3.tgz. Extracting by manifest.
768 silly tarball no local data for esquery@https://registry.npm.taobao.org/esquery/-/esquery-1.6.0.tgz. Extracting by manifest.
769 silly tarball no local data for estraverse@https://registry.npm.taobao.org/estraverse/-/estraverse-5.3.0.tgz. Extracting by manifest.
770 silly tarball no local data for espree@https://registry.npm.taobao.org/espree/-/espree-9.6.1.tgz. Extracting by manifest.
771 silly tarball no local data for esrecurse@https://registry.npm.taobao.org/esrecurse/-/esrecurse-4.3.0.tgz. Extracting by manifest.
772 silly tarball no local data for eslint-visitor-keys@https://registry.npm.taobao.org/eslint-visitor-keys/-/eslint-visitor-keys-3.4.3.tgz. Extracting by manifest.
773 silly tarball no local data for eslint-scope@https://registry.npm.taobao.org/eslint-scope/-/eslint-scope-7.2.2.tgz. Extracting by manifest.
774 silly tarball no local data for eslint-plugin-jsx-a11y@https://registry.npm.taobao.org/eslint-plugin-jsx-a11y/-/eslint-plugin-jsx-a11y-6.10.2.tgz. Extracting by manifest.
775 silly tarball no local data for eslint-plugin-react-hooks@https://registry.npm.taobao.org/eslint-plugin-react-hooks/-/eslint-plugin-react-hooks-5.0.0-canary-7118f5dd7-20230705.tgz. Extracting by manifest.
776 silly tarball no local data for eslint-plugin-react@https://registry.npm.taobao.org/eslint-plugin-react/-/eslint-plugin-react-7.37.4.tgz. Extracting by manifest.
777 silly tarball no local data for eslint-plugin-import@https://registry.npm.taobao.org/eslint-plugin-import/-/eslint-plugin-import-2.31.0.tgz. Extracting by manifest.
778 silly tarball no local data for eslint@https://registry.npm.taobao.org/eslint/-/eslint-8.49.0.tgz. Extracting by manifest.
779 silly tarball no local data for eslint-import-resolver-node@https://registry.npm.taobao.org/eslint-import-resolver-node/-/eslint-import-resolver-node-0.3.9.tgz. Extracting by manifest.
780 silly tarball no local data for escalade@https://registry.npm.taobao.org/escalade/-/escalade-3.2.0.tgz. Extracting by manifest.
781 silly tarball no local data for eslint-config-next@https://registry.npm.taobao.org/eslint-config-next/-/eslint-config-next-13.4.19.tgz. Extracting by manifest.
782 silly tarball no local data for eslint-module-utils@https://registry.npm.taobao.org/eslint-module-utils/-/eslint-module-utils-2.12.0.tgz. Extracting by manifest.
783 silly tarball no local data for escape-string-regexp@https://registry.npm.taobao.org/escape-string-regexp/-/escape-string-regexp-4.0.0.tgz. Extracting by manifest.
784 silly tarball no local data for es-shim-unscopables@https://registry.npm.taobao.org/es-shim-unscopables/-/es-shim-unscopables-1.1.0.tgz. Extracting by manifest.
785 silly tarball no local data for es-set-tostringtag@https://registry.npm.taobao.org/es-set-tostringtag/-/es-set-tostringtag-2.1.0.tgz. Extracting by manifest.
786 silly tarball no local data for es-to-primitive@https://registry.npm.taobao.org/es-to-primitive/-/es-to-primitive-1.3.0.tgz. Extracting by manifest.
787 silly tarball no local data for es-object-atoms@https://registry.npm.taobao.org/es-object-atoms/-/es-object-atoms-1.1.1.tgz. Extracting by manifest.
788 silly tarball no local data for es-abstract@https://registry.npm.taobao.org/es-abstract/-/es-abstract-1.23.9.tgz. Extracting by manifest.
789 silly tarball no local data for es-iterator-helpers@https://registry.npm.taobao.org/es-iterator-helpers/-/es-iterator-helpers-1.2.1.tgz. Extracting by manifest.
790 silly tarball no local data for es-errors@https://registry.npm.taobao.org/es-errors/-/es-errors-1.3.0.tgz. Extracting by manifest.
791 silly tarball no local data for es-define-property@https://registry.npm.taobao.org/es-define-property/-/es-define-property-1.0.1.tgz. Extracting by manifest.
792 silly tarball no local data for emoji-regex@https://registry.npm.taobao.org/emoji-regex/-/emoji-regex-9.2.2.tgz. Extracting by manifest.
793 silly tarball no local data for electron-to-chromium@https://registry.npm.taobao.org/electron-to-chromium/-/electron-to-chromium-1.5.114.tgz. Extracting by manifest.
794 silly tarball no local data for eastasianwidth@https://registry.npm.taobao.org/eastasianwidth/-/eastasianwidth-0.2.0.tgz. Extracting by manifest.
795 silly tarball no local data for enhanced-resolve@https://registry.npm.taobao.org/enhanced-resolve/-/enhanced-resolve-5.18.1.tgz. Extracting by manifest.
796 silly tarball no local data for doctrine@https://registry.npm.taobao.org/doctrine/-/doctrine-3.0.0.tgz. Extracting by manifest.
797 silly tarball no local data for dunder-proto@https://registry.npm.taobao.org/dunder-proto/-/dunder-proto-1.0.1.tgz. Extracting by manifest.
798 silly tarball no local data for dir-glob@https://registry.npm.taobao.org/dir-glob/-/dir-glob-3.0.1.tgz. Extracting by manifest.
799 silly tarball no local data for define-properties@https://registry.npm.taobao.org/define-properties/-/define-properties-1.2.1.tgz. Extracting by manifest.
800 silly tarball no local data for dlv@https://registry.npm.taobao.org/dlv/-/dlv-1.1.3.tgz. Extracting by manifest.
801 silly tarball no local data for deep-is@https://registry.npm.taobao.org/deep-is/-/deep-is-0.1.4.tgz. Extracting by manifest.
802 silly tarball no local data for didyoumean@https://registry.npm.taobao.org/didyoumean/-/didyoumean-1.2.2.tgz. Extracting by manifest.
803 silly tarball no local data for debug@https://registry.npm.taobao.org/debug/-/debug-4.4.0.tgz. Extracting by manifest.
804 silly tarball no local data for define-data-property@https://registry.npm.taobao.org/define-data-property/-/define-data-property-1.1.4.tgz. Extracting by manifest.
805 silly tarball no local data for data-view-byte-length@https://registry.npm.taobao.org/data-view-byte-length/-/data-view-byte-length-1.0.2.tgz. Extracting by manifest.
806 silly tarball no local data for dayjs@https://registry.npm.taobao.org/dayjs/-/dayjs-1.11.13.tgz. Extracting by manifest.
807 silly tarball no local data for damerau-levenshtein@https://registry.npm.taobao.org/damerau-levenshtein/-/damerau-levenshtein-1.0.8.tgz. Extracting by manifest.
808 silly tarball no local data for data-view-byte-offset@https://registry.npm.taobao.org/data-view-byte-offset/-/data-view-byte-offset-1.0.1.tgz. Extracting by manifest.
809 silly tarball no local data for data-view-buffer@https://registry.npm.taobao.org/data-view-buffer/-/data-view-buffer-1.0.2.tgz. Extracting by manifest.
810 silly tarball no local data for csstype@https://registry.npm.taobao.org/csstype/-/csstype-3.1.3.tgz. Extracting by manifest.
811 silly tarball no local data for cssesc@https://registry.npm.taobao.org/cssesc/-/cssesc-3.0.0.tgz. Extracting by manifest.
812 silly tarball no local data for cross-spawn@https://registry.npm.taobao.org/cross-spawn/-/cross-spawn-7.0.6.tgz. Extracting by manifest.
813 silly tarball no local data for copy-to-clipboard@https://registry.npm.taobao.org/copy-to-clipboard/-/copy-to-clipboard-3.3.3.tgz. Extracting by manifest.
814 silly tarball no local data for commander@https://registry.npm.taobao.org/commander/-/commander-4.1.1.tgz. Extracting by manifest.
815 silly tarball no local data for concat-map@https://registry.npm.taobao.org/concat-map/-/concat-map-0.0.1.tgz. Extracting by manifest.
816 silly tarball no local data for compute-scroll-into-view@https://registry.npm.taobao.org/compute-scroll-into-view/-/compute-scroll-into-view-3.1.1.tgz. Extracting by manifest.
817 silly tarball no local data for color-name@https://registry.npm.taobao.org/color-name/-/color-name-1.1.4.tgz. Extracting by manifest.
818 silly tarball no local data for classnames@https://registry.npm.taobao.org/classnames/-/classnames-2.5.1.tgz. Extracting by manifest.
819 silly tarball no local data for color-convert@https://registry.npm.taobao.org/color-convert/-/color-convert-2.0.1.tgz. Extracting by manifest.
820 silly tarball no local data for client-only@https://registry.npm.taobao.org/client-only/-/client-only-0.0.1.tgz. Extracting by manifest.
821 silly tarball no local data for chokidar@https://registry.npm.taobao.org/chokidar/-/chokidar-3.6.0.tgz. Extracting by manifest.
822 silly tarball no local data for chalk@https://registry.npm.taobao.org/chalk/-/chalk-4.1.2.tgz. Extracting by manifest.
823 silly tarball no local data for caniuse-lite@https://registry.npm.taobao.org/caniuse-lite/-/caniuse-lite-1.0.30001703.tgz. Extracting by manifest.
824 silly tarball no local data for camelcase-css@https://registry.npm.taobao.org/camelcase-css/-/camelcase-css-2.0.1.tgz. Extracting by manifest.
825 silly tarball no local data for callsites@https://registry.npm.taobao.org/callsites/-/callsites-3.1.0.tgz. Extracting by manifest.
826 silly tarball no local data for busboy@https://registry.npm.taobao.org/busboy/-/busboy-1.6.0.tgz. Extracting by manifest.
827 silly tarball no local data for call-bound@https://registry.npm.taobao.org/call-bound/-/call-bound-1.0.4.tgz. Extracting by manifest.
828 silly tarball no local data for call-bind-apply-helpers@https://registry.npm.taobao.org/call-bind-apply-helpers/-/call-bind-apply-helpers-1.0.2.tgz. Extracting by manifest.
829 silly tarball no local data for call-bind@https://registry.npm.taobao.org/call-bind/-/call-bind-1.0.8.tgz. Extracting by manifest.
830 silly tarball no local data for brace-expansion@https://registry.npm.taobao.org/brace-expansion/-/brace-expansion-1.1.11.tgz. Extracting by manifest.
831 silly tarball no local data for browserslist@https://registry.npm.taobao.org/browserslist/-/browserslist-4.24.4.tgz. Extracting by manifest.
832 silly tarball no local data for braces@https://registry.npm.taobao.org/braces/-/braces-3.0.3.tgz. Extracting by manifest.
833 silly tarball no local data for balanced-match@https://registry.npm.taobao.org/balanced-match/-/balanced-match-1.0.2.tgz. Extracting by manifest.
834 silly tarball no local data for binary-extensions@https://registry.npm.taobao.org/binary-extensions/-/binary-extensions-2.3.0.tgz. Extracting by manifest.
835 silly tarball no local data for axobject-query@https://registry.npm.taobao.org/axobject-query/-/axobject-query-4.1.0.tgz. Extracting by manifest.
836 silly tarball no local data for available-typed-arrays@https://registry.npm.taobao.org/available-typed-arrays/-/available-typed-arrays-1.0.7.tgz. Extracting by manifest.
837 silly tarball no local data for axe-core@https://registry.npm.taobao.org/axe-core/-/axe-core-4.10.3.tgz. Extracting by manifest.
838 silly tarball no local data for autoprefixer@https://registry.npm.taobao.org/autoprefixer/-/autoprefixer-10.4.15.tgz. Extracting by manifest.
839 silly tarball no local data for async-function@https://registry.npm.taobao.org/async-function/-/async-function-1.0.0.tgz. Extracting by manifest.
840 silly tarball no local data for async-validator@https://registry.npm.taobao.org/async-validator/-/async-validator-4.2.5.tgz. Extracting by manifest.
841 silly tarball no local data for array.prototype.tosorted@https://registry.npm.taobao.org/array.prototype.tosorted/-/array.prototype.tosorted-1.1.4.tgz. Extracting by manifest.
842 silly tarball no local data for ast-types-flow@https://registry.npm.taobao.org/ast-types-flow/-/ast-types-flow-0.0.8.tgz. Extracting by manifest.
843 silly tarball no local data for array.prototype.flatmap@https://registry.npm.taobao.org/array.prototype.flatmap/-/array.prototype.flatmap-1.3.3.tgz. Extracting by manifest.
844 silly tarball no local data for arraybuffer.prototype.slice@https://registry.npm.taobao.org/arraybuffer.prototype.slice/-/arraybuffer.prototype.slice-1.0.4.tgz. Extracting by manifest.
845 silly tarball no local data for array.prototype.findlast@https://registry.npm.taobao.org/array.prototype.findlast/-/array.prototype.findlast-1.2.5.tgz. Extracting by manifest.
846 silly tarball no local data for array.prototype.flat@https://registry.npm.taobao.org/array.prototype.flat/-/array.prototype.flat-1.3.3.tgz. Extracting by manifest.
847 silly tarball no local data for array.prototype.findlastindex@https://registry.npm.taobao.org/array.prototype.findlastindex/-/array.prototype.findlastindex-1.2.5.tgz. Extracting by manifest.
848 silly tarball no local data for array-buffer-byte-length@https://registry.npm.taobao.org/array-buffer-byte-length/-/array-buffer-byte-length-1.0.2.tgz. Extracting by manifest.
849 silly tarball no local data for array-union@https://registry.npm.taobao.org/array-union/-/array-union-2.1.0.tgz. Extracting by manifest.
850 silly tarball no local data for array-includes@https://registry.npm.taobao.org/array-includes/-/array-includes-3.1.8.tgz. Extracting by manifest.
851 silly tarball no local data for aria-query@https://registry.npm.taobao.org/aria-query/-/aria-query-5.3.2.tgz. Extracting by manifest.
852 silly tarball no local data for array-tree-filter@https://registry.npm.taobao.org/array-tree-filter/-/array-tree-filter-2.1.0.tgz. Extracting by manifest.
853 silly tarball no local data for antd@https://registry.npm.taobao.org/antd/-/antd-5.8.6.tgz. Extracting by manifest.
854 silly tarball no local data for any-promise@https://registry.npm.taobao.org/any-promise/-/any-promise-1.3.0.tgz. Extracting by manifest.
855 silly tarball no local data for arg@https://registry.npm.taobao.org/arg/-/arg-5.0.2.tgz. Extracting by manifest.
856 silly tarball no local data for anymatch@https://registry.npm.taobao.org/anymatch/-/anymatch-3.1.3.tgz. Extracting by manifest.
857 silly tarball no local data for argparse@https://registry.npm.taobao.org/argparse/-/argparse-2.0.1.tgz. Extracting by manifest.
858 silly tarball no local data for acorn-jsx@https://registry.npm.taobao.org/acorn-jsx/-/acorn-jsx-5.3.2.tgz. Extracting by manifest.
859 silly tarball no local data for ansi-styles@https://registry.npm.taobao.org/ansi-styles/-/ansi-styles-4.3.0.tgz. Extracting by manifest.
860 silly tarball no local data for ansi-regex@https://registry.npm.taobao.org/ansi-regex/-/ansi-regex-5.0.1.tgz. Extracting by manifest.
861 silly tarball no local data for acorn@https://registry.npm.taobao.org/acorn/-/acorn-8.14.1.tgz. Extracting by manifest.
862 silly tarball no local data for ajv@https://registry.npm.taobao.org/ajv/-/ajv-6.12.6.tgz. Extracting by manifest.
863 silly tarball no local data for @typescript-eslint/types@https://registry.npm.taobao.org/@typescript-eslint/types/-/types-6.21.0.tgz. Extracting by manifest.
864 silly tarball no local data for @typescript-eslint/visitor-keys@https://registry.npm.taobao.org/@typescript-eslint/visitor-keys/-/visitor-keys-6.21.0.tgz. Extracting by manifest.
865 silly tarball no local data for @typescript-eslint/scope-manager@https://registry.npm.taobao.org/@typescript-eslint/scope-manager/-/scope-manager-6.21.0.tgz. Extracting by manifest.
866 silly tarball no local data for @typescript-eslint/typescript-estree@https://registry.npm.taobao.org/@typescript-eslint/typescript-estree/-/typescript-estree-6.21.0.tgz. Extracting by manifest.
867 silly tarball no local data for @typescript-eslint/parser@https://registry.npm.taobao.org/@typescript-eslint/parser/-/parser-6.21.0.tgz. Extracting by manifest.
868 silly tarball no local data for @rushstack/eslint-patch@https://registry.npm.taobao.org/@rushstack/eslint-patch/-/eslint-patch-1.10.5.tgz. Extracting by manifest.
869 silly tarball no local data for @types/json5@https://registry.npm.taobao.org/@types/json5/-/json5-0.0.29.tgz. Extracting by manifest.
870 silly tarball no local data for @types/react@https://registry.npm.taobao.org/@types/react/-/react-19.0.10.tgz. Extracting by manifest.
871 silly tarball no local data for @rtsao/scc@https://registry.npm.taobao.org/@rtsao/scc/-/scc-1.1.0.tgz. Extracting by manifest.
872 silly tarball no local data for @swc/helpers@https://registry.npm.taobao.org/@swc/helpers/-/helpers-0.5.1.tgz. Extracting by manifest.
873 silly tarball no local data for @types/node@https://registry.npm.taobao.org/@types/node/-/node-22.13.10.tgz. Extracting by manifest.
874 silly tarball no local data for @rc-component/trigger@https://registry.npm.taobao.org/@rc-component/trigger/-/trigger-1.18.3.tgz. Extracting by manifest.
875 silly tarball no local data for @rc-component/portal@https://registry.npm.taobao.org/@rc-component/portal/-/portal-1.1.2.tgz. Extracting by manifest.
876 silly tarball no local data for @rc-component/tour@https://registry.npm.taobao.org/@rc-component/tour/-/tour-1.8.1.tgz. Extracting by manifest.
877 silly tarball no local data for @rc-component/mutate-observer@https://registry.npm.taobao.org/@rc-component/mutate-observer/-/mutate-observer-1.1.0.tgz. Extracting by manifest.
878 silly tarball no local data for @nolyfill/is-core-module@https://registry.npm.taobao.org/@nolyfill/is-core-module/-/is-core-module-1.0.39.tgz. Extracting by manifest.
879 silly tarball no local data for @rc-component/context@https://registry.npm.taobao.org/@rc-component/context/-/context-1.4.0.tgz. Extracting by manifest.
880 silly tarball no local data for @pkgjs/parseargs@https://registry.npm.taobao.org/@pkgjs/parseargs/-/parseargs-0.11.0.tgz. Extracting by manifest.
881 silly tarball no local data for @rc-component/mini-decimal@https://registry.npm.taobao.org/@rc-component/mini-decimal/-/mini-decimal-1.1.0.tgz. Extracting by manifest.
882 silly tarball no local data for @next/swc-win32-x64-msvc@https://registry.npm.taobao.org/@next/swc-win32-x64-msvc/-/swc-win32-x64-msvc-13.4.19.tgz. Extracting by manifest.
883 silly tarball no local data for @nodelib/fs.stat@https://registry.npm.taobao.org/@nodelib/fs.stat/-/fs.stat-2.0.5.tgz. Extracting by manifest.
884 silly tarball no local data for @next/eslint-plugin-next@https://registry.npm.taobao.org/@next/eslint-plugin-next/-/eslint-plugin-next-13.4.19.tgz. Extracting by manifest.
885 silly tarball no local data for @nodelib/fs.walk@https://registry.npm.taobao.org/@nodelib/fs.walk/-/fs.walk-1.2.8.tgz. Extracting by manifest.
886 silly tarball no local data for @next/env@https://registry.npm.taobao.org/@next/env/-/env-13.4.19.tgz. Extracting by manifest.
887 silly tarball no local data for @rc-component/color-picker@https://registry.npm.taobao.org/@rc-component/color-picker/-/color-picker-1.4.1.tgz. Extracting by manifest.
888 silly tarball no local data for @jridgewell/set-array@https://registry.npm.taobao.org/@jridgewell/set-array/-/set-array-1.2.1.tgz. Extracting by manifest.
889 silly tarball no local data for @nodelib/fs.scandir@https://registry.npm.taobao.org/@nodelib/fs.scandir/-/fs.scandir-2.1.5.tgz. Extracting by manifest.
890 silly tarball no local data for @jridgewell/trace-mapping@https://registry.npm.taobao.org/@jridgewell/trace-mapping/-/trace-mapping-0.3.25.tgz. Extracting by manifest.
891 silly tarball no local data for @jridgewell/sourcemap-codec@https://registry.npm.taobao.org/@jridgewell/sourcemap-codec/-/sourcemap-codec-1.5.0.tgz. Extracting by manifest.
892 silly tarball no local data for @eslint/js@https://registry.npm.taobao.org/@eslint/js/-/js-8.49.0.tgz. Extracting by manifest.
893 silly tarball no local data for @jridgewell/resolve-uri@https://registry.npm.taobao.org/@jridgewell/resolve-uri/-/resolve-uri-3.1.2.tgz. Extracting by manifest.
894 silly tarball no local data for @isaacs/cliui@https://registry.npm.taobao.org/@isaacs/cliui/-/cliui-8.0.2.tgz. Extracting by manifest.
895 silly tarball no local data for @jridgewell/gen-mapping@https://registry.npm.taobao.org/@jridgewell/gen-mapping/-/gen-mapping-0.3.8.tgz. Extracting by manifest.
896 silly tarball no local data for @humanwhocodes/config-array@https://registry.npm.taobao.org/@humanwhocodes/config-array/-/config-array-0.11.14.tgz. Extracting by manifest.
897 silly tarball no local data for @eslint/eslintrc@https://registry.npm.taobao.org/@eslint/eslintrc/-/eslintrc-2.1.4.tgz. Extracting by manifest.
898 silly tarball no local data for @humanwhocodes/module-importer@https://registry.npm.taobao.org/@humanwhocodes/module-importer/-/module-importer-1.0.1.tgz. Extracting by manifest.
899 silly tarball no local data for @humanwhocodes/object-schema@https://registry.npm.taobao.org/@humanwhocodes/object-schema/-/object-schema-2.0.3.tgz. Extracting by manifest.
900 silly tarball no local data for @emotion/unitless@https://registry.npm.taobao.org/@emotion/unitless/-/unitless-0.7.5.tgz. Extracting by manifest.
901 silly tarball no local data for @eslint-community/regexpp@https://registry.npm.taobao.org/@eslint-community/regexpp/-/regexpp-4.12.1.tgz. Extracting by manifest.
902 silly tarball no local data for @ctrl/tinycolor@https://registry.npm.taobao.org/@ctrl/tinycolor/-/tinycolor-3.6.1.tgz. Extracting by manifest.
903 silly tarball no local data for @babel/runtime@https://registry.npm.taobao.org/@babel/runtime/-/runtime-7.26.9.tgz. Extracting by manifest.
904 silly tarball no local data for @eslint-community/eslint-utils@https://registry.npm.taobao.org/@eslint-community/eslint-utils/-/eslint-utils-4.4.1.tgz. Extracting by manifest.
905 silly tarball no local data for @emotion/memoize@https://registry.npm.taobao.org/@emotion/memoize/-/memoize-0.7.4.tgz. Extracting by manifest.
906 silly tarball no local data for @emotion/hash@https://registry.npm.taobao.org/@emotion/hash/-/hash-0.8.0.tgz. Extracting by manifest.
907 silly tarball no local data for @emotion/is-prop-valid@https://registry.npm.taobao.org/@emotion/is-prop-valid/-/is-prop-valid-0.8.8.tgz. Extracting by manifest.
908 silly tarball no local data for strip-ansi@https://registry.npm.taobao.org/strip-ansi/-/strip-ansi-7.1.0.tgz. Extracting by manifest.
909 silly tarball no local data for @ant-design/react-slick@https://registry.npm.taobao.org/@ant-design/react-slick/-/react-slick-1.0.2.tgz. Extracting by manifest.
910 silly tarball no local data for @ant-design/icons@https://registry.npm.taobao.org/@ant-design/icons/-/icons-5.6.1.tgz. Extracting by manifest.
911 silly tarball no local data for @ant-design/fast-color@https://registry.npm.taobao.org/@ant-design/fast-color/-/fast-color-2.0.6.tgz. Extracting by manifest.
912 silly tarball no local data for @ant-design/icons-svg@https://registry.npm.taobao.org/@ant-design/icons-svg/-/icons-svg-4.4.2.tgz. Extracting by manifest.
913 silly tarball no local data for @alloc/quick-lru@https://registry.npm.taobao.org/@alloc/quick-lru/-/quick-lru-5.2.0.tgz. Extracting by manifest.
914 silly tarball no local data for @ant-design/cssinjs@https://registry.npm.taobao.org/@ant-design/cssinjs/-/cssinjs-1.23.0.tgz. Extracting by manifest.
915 silly tarball no local data for @ant-design/colors@https://registry.npm.taobao.org/@ant-design/colors/-/colors-7.2.0.tgz. Extracting by manifest.
916 silly tarball no local data for emoji-regex@https://registry.npm.taobao.org/emoji-regex/-/emoji-regex-8.0.0.tgz. Extracting by manifest.
917 silly tarball no local data for ansi-styles@https://registry.npm.taobao.org/ansi-styles/-/ansi-styles-6.2.1.tgz. Extracting by manifest.
918 silly tarball no local data for string-width@https://registry.npm.taobao.org/string-width/-/string-width-4.2.3.tgz. Extracting by manifest.
919 silly tarball no local data for picomatch@https://registry.npm.taobao.org/picomatch/-/picomatch-4.0.2.tgz. Extracting by manifest.
920 silly tarball no local data for ansi-regex@https://registry.npm.taobao.org/ansi-regex/-/ansi-regex-6.1.0.tgz. Extracting by manifest.
921 silly tarball no local data for emoji-regex@https://registry.npm.taobao.org/emoji-regex/-/emoji-regex-8.0.0.tgz. Extracting by manifest.
922 silly tarball no local data for fdir@https://registry.npm.taobao.org/fdir/-/fdir-6.4.3.tgz. Extracting by manifest.
923 silly tarball no local data for minimatch@https://registry.npm.taobao.org/minimatch/-/minimatch-9.0.5.tgz. Extracting by manifest.
924 silly tarball no local data for glob@https://registry.npm.taobao.org/glob/-/glob-10.4.5.tgz. Extracting by manifest.
925 silly tarball no local data for strip-ansi@https://registry.npm.taobao.org/strip-ansi/-/strip-ansi-7.1.0.tgz. Extracting by manifest.
926 silly tarball no local data for brace-expansion@https://registry.npm.taobao.org/brace-expansion/-/brace-expansion-2.0.1.tgz. Extracting by manifest.
927 silly tarball no local data for react-is@https://registry.npm.taobao.org/react-is/-/react-is-18.3.1.tgz. Extracting by manifest.
928 silly tarball no local data for lilconfig@https://registry.npm.taobao.org/lilconfig/-/lilconfig-3.1.3.tgz. Extracting by manifest.
929 silly tarball no local data for ansi-regex@https://registry.npm.taobao.org/ansi-regex/-/ansi-regex-6.1.0.tgz. Extracting by manifest.
930 silly tarball no local data for postcss@https://registry.npm.taobao.org/postcss/-/postcss-8.4.14.tgz. Extracting by manifest.
931 silly tarball no local data for glob-parent@https://registry.npm.taobao.org/glob-parent/-/glob-parent-5.1.2.tgz. Extracting by manifest.
932 silly tarball no local data for semver@https://registry.npm.taobao.org/semver/-/semver-6.3.1.tgz. Extracting by manifest.
933 silly tarball no local data for resolve@https://registry.npm.taobao.org/resolve/-/resolve-2.0.0-next.5.tgz. Extracting by manifest.
934 silly tarball no local data for debug@https://registry.npm.taobao.org/debug/-/debug-3.2.7.tgz. Extracting by manifest.
935 silly tarball no local data for doctrine@https://registry.npm.taobao.org/doctrine/-/doctrine-2.1.0.tgz. Extracting by manifest.
936 silly tarball no local data for doctrine@https://registry.npm.taobao.org/doctrine/-/doctrine-2.1.0.tgz. Extracting by manifest.
937 silly tarball no local data for semver@https://registry.npm.taobao.org/semver/-/semver-6.3.1.tgz. Extracting by manifest.
938 silly tarball no local data for debug@https://registry.npm.taobao.org/debug/-/debug-3.2.7.tgz. Extracting by manifest.
939 silly tarball no local data for glob-parent@https://registry.npm.taobao.org/glob-parent/-/glob-parent-5.1.2.tgz. Extracting by manifest.
940 silly tarball no local data for debug@https://registry.npm.taobao.org/debug/-/debug-3.2.7.tgz. Extracting by manifest.
941 silly tarball no local data for eslint-import-resolver-typescript@https://registry.npm.taobao.org/eslint-import-resolver-typescript/-/eslint-import-resolver-typescript-3.8.3.tgz. Extracting by manifest.
942 silly tarball no local data for minimatch@https://registry.npm.taobao.org/minimatch/-/minimatch-9.0.3.tgz. Extracting by manifest.
943 silly tarball no local data for brace-expansion@https://registry.npm.taobao.org/brace-expansion/-/brace-expansion-2.0.1.tgz. Extracting by manifest.
944 silly tarball no local data for strip-ansi@https://registry.npm.taobao.org/strip-ansi/-/strip-ansi-7.1.0.tgz. Extracting by manifest.
945 silly tarball no local data for ansi-regex@https://registry.npm.taobao.org/ansi-regex/-/ansi-regex-6.1.0.tgz. Extracting by manifest.
946 http fetch POST 404 https://registry.npmmirror.com/-/npm/v1/security/advisories/bulk 265ms (cache skip)
947 silly audit bulk request failed [object Object]
948 http fetch GET 200 https://cdn.npmmirror.com/packages/typed-array-length/1.0.7/typed-array-length-1.0.7.tgz 631ms (cache miss)
949 http fetch GET 200 https://cdn.npmmirror.com/packages/util-deprecate/1.0.2/util-deprecate-1.0.2.tgz 632ms (cache miss)
950 http fetch GET 200 https://cdn.npmmirror.com/packages/wrap-ansi/7.0.0/wrap-ansi-7.0.0.tgz 637ms (cache miss)
951 http fetch GET 200 https://cdn.npmmirror.com/packages/wrappy/1.0.2/wrappy-1.0.2.tgz 650ms (cache miss)
952 http fetch GET 200 https://cdn.npmmirror.com/packages/wrap-ansi/8.1.0/wrap-ansi-8.1.0.tgz 648ms (cache miss)
953 http fetch GET 200 https://cdn.npmmirror.com/packages/which/2.0.2/which-2.0.2.tgz 652ms (cache miss)
954 http fetch GET 200 https://cdn.npmmirror.com/packages/update-browserslist-db/1.1.3/update-browserslist-db-1.1.3.tgz 657ms (cache miss)
955 http fetch GET 200 https://cdn.npmmirror.com/packages/which-boxed-primitive/1.1.1/which-boxed-primitive-1.1.1.tgz 677ms (cache miss)
956 http fetch GET 200 https://cdn.npmmirror.com/packages/which-typed-array/1.1.19/which-typed-array-1.1.19.tgz 679ms (cache miss)
957 http fetch GET 200 https://cdn.npmmirror.com/packages/word-wrap/1.2.5/word-wrap-1.2.5.tgz 687ms (cache miss)
958 http fetch GET 200 https://cdn.npmmirror.com/packages/unbox-primitive/1.1.0/unbox-primitive-1.1.0.tgz 698ms (cache miss)
959 http fetch GET 200 https://cdn.npmmirror.com/packages/yocto-queue/0.1.0/yocto-queue-0.1.0.tgz 705ms (cache miss)
960 http fetch GET 200 https://cdn.npmmirror.com/packages/to-regex-range/5.0.1/to-regex-range-5.0.1.tgz 697ms (cache miss)
961 http fetch GET 200 https://cdn.npmmirror.com/packages/which-collection/1.0.2/which-collection-1.0.2.tgz 711ms (cache miss)
962 http fetch GET 200 https://cdn.npmmirror.com/packages/tapable/2.2.1/tapable-2.2.1.tgz 707ms (cache miss)
963 http fetch GET 200 https://cdn.npmmirror.com/packages/ts-interface-checker/0.1.13/ts-interface-checker-0.1.13.tgz 717ms (cache miss)
964 http fetch GET 200 https://cdn.npmmirror.com/packages/thenify-all/1.6.0/thenify-all-1.6.0.tgz 716ms (cache miss)
965 http fetch GET 200 https://cdn.npmmirror.com/packages/typed-array-byte-offset/1.0.4/typed-array-byte-offset-1.0.4.tgz 724ms (cache miss)
966 http fetch GET 200 https://cdn.npmmirror.com/packages/thenify/3.3.1/thenify-3.3.1.tgz 721ms (cache miss)
967 http fetch GET 200 https://cdn.npmmirror.com/packages/text-table/0.2.0/text-table-0.2.0.tgz 721ms (cache miss)
968 http fetch GET 200 https://cdn.npmmirror.com/packages/toggle-selection/1.0.6/toggle-selection-1.0.6.tgz 729ms (cache miss)
969 http fetch GET 200 https://cdn.npmmirror.com/packages/typed-array-buffer/1.0.3/typed-array-buffer-1.0.3.tgz 730ms (cache miss)
970 http fetch GET 200 https://cdn.npmmirror.com/packages/throttle-debounce/5.0.2/throttle-debounce-5.0.2.tgz 735ms (cache miss)
971 http fetch GET 200 https://cdn.npmmirror.com/packages/strip-ansi/6.0.1/strip-ansi-6.0.1.tgz 738ms (cache miss)
972 http fetch GET 200 https://cdn.npmmirror.com/packages/supports-color/7.2.0/supports-color-7.2.0.tgz 741ms (cache miss)
973 http fetch GET 200 https://cdn.npmmirror.com/packages/strip-json-comments/3.1.1/strip-json-comments-3.1.1.tgz 743ms (cache miss)
974 http fetch GET 200 https://cdn.npmmirror.com/packages/type-check/0.4.0/type-check-0.4.0.tgz 748ms (cache miss)
975 http fetch GET 200 https://cdn.npmmirror.com/packages/strip-ansi/6.0.1/strip-ansi-6.0.1.tgz 757ms (cache miss)
976 http fetch GET 200 https://cdn.npmmirror.com/packages/strip-bom/3.0.0/strip-bom-3.0.0.tgz 761ms (cache miss)
977 http fetch GET 200 https://cdn.npmmirror.com/packages/string.prototype.trimend/1.0.9/string.prototype.trimend-1.0.9.tgz 761ms (cache miss)
978 http fetch GET 200 https://cdn.npmmirror.com/packages/string-convert/0.2.1/string-convert-0.2.1.tgz 760ms (cache miss)
979 http fetch GET 200 https://cdn.npmmirror.com/packages/string-width/4.2.3/string-width-4.2.3.tgz 761ms (cache miss)
980 http fetch GET 200 https://cdn.npmmirror.com/packages/shebang-regex/3.0.0/shebang-regex-3.0.0.tgz 767ms (cache miss)
981 http fetch GET 200 https://cdn.npmmirror.com/packages/set-proto/1.0.0/set-proto-1.0.0.tgz 770ms (cache miss)
982 http fetch GET 200 https://cdn.npmmirror.com/packages/string.prototype.includes/2.0.1/string.prototype.includes-2.0.1.tgz 772ms (cache miss)
983 http fetch GET 200 https://cdn.npmmirror.com/packages/signal-exit/4.1.0/signal-exit-4.1.0.tgz 778ms (cache miss)
984 http fetch GET 200 https://cdn.npmmirror.com/packages/resolve-pkg-maps/1.0.0/resolve-pkg-maps-1.0.0.tgz 775ms (cache miss)
985 http fetch GET 200 https://cdn.npmmirror.com/packages/tinyglobby/0.2.12/tinyglobby-0.2.12.tgz 786ms (cache miss)
986 http fetch GET 200 https://cdn.npmmirror.com/packages/string.prototype.matchall/4.0.12/string.prototype.matchall-4.0.12.tgz 784ms (cache miss)
987 http fetch GET 200 https://cdn.npmmirror.com/packages/watchpack/2.4.0/watchpack-2.4.0.tgz 798ms (cache miss)
988 http fetch GET 200 https://cdn.npmmirror.com/packages/stable-hash/0.0.4/stable-hash-0.0.4.tgz 790ms (cache miss)
989 http fetch GET 200 https://cdn.npmmirror.com/packages/string-width/5.1.2/string-width-5.1.2.tgz 799ms (cache miss)
990 http fetch GET 200 https://cdn.npmmirror.com/packages/slash/3.0.0/slash-3.0.0.tgz 799ms (cache miss)
991 http fetch GET 200 https://cdn.npmmirror.com/packages/side-channel-list/1.0.0/side-channel-list-1.0.0.tgz 798ms (cache miss)
992 http fetch GET 200 https://cdn.npmmirror.com/packages/string.prototype.repeat/1.0.0/string.prototype.repeat-1.0.0.tgz 807ms (cache miss)
993 http fetch GET 200 https://cdn.npmmirror.com/packages/which-builtin-type/1.2.1/which-builtin-type-1.2.1.tgz 814ms (cache miss)
994 http fetch GET 200 https://cdn.npmmirror.com/packages/typed-array-byte-length/1.0.3/typed-array-byte-length-1.0.3.tgz 844ms (cache miss)
995 http fetch GET 200 https://cdn.npmmirror.com/packages/supports-preserve-symlinks-flag/1.0.0/supports-preserve-symlinks-flag-1.0.0.tgz 848ms (cache miss)
996 http fetch GET 200 https://cdn.npmmirror.com/packages/safe-array-concat/1.1.3/safe-array-concat-1.1.3.tgz 844ms (cache miss)
997 http fetch GET 200 https://cdn.npmmirror.com/packages/shebang-command/2.0.0/shebang-command-2.0.0.tgz 854ms (cache miss)
998 http fetch GET 200 https://cdn.npmmirror.com/packages/side-channel/1.1.0/side-channel-1.1.0.tgz 857ms (cache miss)
999 http fetch GET 200 https://cdn.npmmirror.com/packages/safe-push-apply/1.0.0/safe-push-apply-1.0.0.tgz 856ms (cache miss)
1000 http fetch GET 200 https://cdn.npmmirror.com/packages/streamsearch/1.1.0/streamsearch-1.1.0.tgz 861ms (cache miss)
1001 http fetch GET 200 https://cdn.npmmirror.com/packages/scroll-into-view-if-needed/3.1.0/scroll-into-view-if-needed-3.1.0.tgz 864ms (cache miss)
1002 http fetch GET 200 https://cdn.npmmirror.com/packages/resolve-from/4.0.0/resolve-from-4.0.0.tgz 863ms (cache miss)
1003 http fetch GET 200 https://cdn.npmmirror.com/packages/side-channel-map/1.0.1/side-channel-map-1.0.1.tgz 874ms (cache miss)
1004 http fetch GET 200 https://cdn.npmmirror.com/packages/set-function-name/2.0.2/set-function-name-2.0.2.tgz 873ms (cache miss)
1005 http fetch GET 200 https://cdn.npmmirror.com/packages/rimraf/3.0.2/rimraf-3.0.2.tgz 880ms (cache miss)
1006 http fetch GET 200 https://cdn.npmmirror.com/packages/side-channel-weakmap/1.0.2/side-channel-weakmap-1.0.2.tgz 883ms (cache miss)
1007 http fetch GET 200 https://cdn.npmmirror.com/packages/ts-api-utils/1.4.3/ts-api-utils-1.4.3.tgz 889ms (cache miss)
1008 http fetch GET 200 https://cdn.npmmirror.com/packages/run-parallel/1.2.0/run-parallel-1.2.0.tgz 881ms (cache miss)
1009 http fetch GET 200 https://cdn.npmmirror.com/packages/tslib/2.8.1/tslib-2.8.1.tgz 893ms (cache miss)
1010 warn deprecated rimraf@3.0.2: Rimraf versions prior to v4 are no longer supported
1011 http fetch GET 200 https://cdn.npmmirror.com/packages/regenerator-runtime/0.14.1/regenerator-runtime-0.14.1.tgz 903ms (cache miss)
1012 http fetch GET 200 https://cdn.npmmirror.com/packages/set-function-length/1.2.2/set-function-length-1.2.2.tgz 912ms (cache miss)
1013 http fetch GET 200 https://cdn.npmmirror.com/packages/read-cache/1.0.0/read-cache-1.0.0.tgz 915ms (cache miss)
1014 http fetch GET 200 https://cdn.npmmirror.com/packages/reflect.getprototypeof/1.0.10/reflect.getprototypeof-1.0.10.tgz 922ms (cache miss)
1015 http fetch GET 200 https://cdn.npmmirror.com/packages/string.prototype.trimstart/1.0.8/string.prototype.trimstart-1.0.8.tgz 940ms (cache miss)
1016 http fetch GET 200 https://cdn.npmmirror.com/packages/string.prototype.trim/1.2.10/string.prototype.trim-1.2.10.tgz 946ms (cache miss)
1017 http fetch GET 200 https://cdn.npmmirror.com/packages/rc-upload/4.3.6/rc-upload-4.3.6.tgz 949ms (cache miss)
1018 http fetch GET 200 https://cdn.npmmirror.com/packages/safe-regex-test/1.1.0/safe-regex-test-1.1.0.tgz 954ms (cache miss)
1019 http fetch GET 200 https://cdn.npmmirror.com/packages/stylis/4.3.6/stylis-4.3.6.tgz 966ms (cache miss)
1020 http fetch GET 200 https://cdn.npmmirror.com/packages/readdirp/3.6.0/readdirp-3.6.0.tgz 979ms (cache miss)
1021 http fetch GET 200 https://cdn.npmmirror.com/packages/rc-switch/4.1.0/rc-switch-4.1.0.tgz 982ms (cache miss)
1022 http fetch GET 200 https://cdn.npmmirror.com/packages/scheduler/0.23.2/scheduler-0.23.2.tgz 989ms (cache miss)
1023 http fetch GET 200 https://cdn.npmmirror.com/packages/source-map-js/1.2.1/source-map-js-1.2.1.tgz 998ms (cache miss)
1024 http fetch GET 200 https://cdn.npmmirror.com/packages/react-is/16.13.1/react-is-16.13.1.tgz 997ms (cache miss)
1025 http fetch GET 200 https://cdn.npmmirror.com/packages/regexp.prototype.flags/1.5.4/regexp.prototype.flags-1.5.4.tgz 1009ms (cache miss)
1026 http fetch GET 200 https://cdn.npmmirror.com/packages/rc-textarea/1.3.4/rc-textarea-1.3.4.tgz 1015ms (cache miss)
1027 http fetch GET 200 https://cdn.npmmirror.com/packages/reusify/1.1.0/reusify-1.1.0.tgz 1023ms (cache miss)
1028 http fetch GET 200 https://cdn.npmmirror.com/packages/rc-steps/6.0.1/rc-steps-6.0.1.tgz 1050ms (cache miss)
1029 http fetch GET 200 https://cdn.npmmirror.com/packages/rc-input-number/8.0.4/rc-input-number-8.0.4.tgz 1086ms (cache miss)
1030 http fetch GET 200 https://cdn.npmmirror.com/packages/react-swipeable/7.0.1/react-swipeable-7.0.1.tgz 1099ms (cache miss)
1031 http fetch GET 200 https://cdn.npmmirror.com/packages/rc-input/1.1.1/rc-input-1.1.1.tgz 1166ms (cache miss)
1032 http fetch GET 200 https://cdn.npmmirror.com/packages/rc-overflow/1.4.1/rc-overflow-1.4.1.tgz 1167ms (cache miss)
1033 http fetch GET 200 https://cdn.npmmirror.com/packages/rc-dialog/9.1.0/rc-dialog-9.1.0.tgz 1165ms (cache miss)
1034 http fetch GET 200 https://cdn.npmmirror.com/packages/rc-mentions/2.5.0/rc-mentions-2.5.0.tgz 1170ms (cache miss)
1035 http fetch GET 200 https://cdn.npmmirror.com/packages/rc-drawer/6.2.0/rc-drawer-6.2.0.tgz 1178ms (cache miss)
1036 http fetch GET 200 https://cdn.npmmirror.com/packages/postcss-value-parser/4.2.0/postcss-value-parser-4.2.0.tgz 1220ms (cache miss)
1037 http fetch GET 200 https://cdn.npmmirror.com/packages/prelude-ls/1.2.1/prelude-ls-1.2.1.tgz 1237ms (cache miss)
1038 http fetch GET 200 https://cdn.npmmirror.com/packages/queue-microtask/1.2.3/queue-microtask-1.2.3.tgz 1238ms (cache miss)
1039 http fetch GET 200 https://cdn.npmmirror.com/packages/resize-observer-polyfill/1.5.1/resize-observer-polyfill-1.5.1.tgz 1251ms (cache miss)
1040 http fetch GET 200 https://cdn.npmmirror.com/packages/punycode/2.3.1/punycode-2.3.1.tgz 1246ms (cache miss)
1041 http fetch GET 200 https://cdn.npmmirror.com/packages/rc-checkbox/3.1.0/rc-checkbox-3.1.0.tgz 1260ms (cache miss)
1042 http fetch GET 200 https://cdn.npmmirror.com/packages/react/18.2.0/react-18.2.0.tgz 1265ms (cache miss)
1043 http fetch GET 200 https://cdn.npmmirror.com/packages/rc-tooltip/6.0.1/rc-tooltip-6.0.1.tgz 1278ms (cache miss)
1044 http fetch GET 200 https://cdn.npmmirror.com/packages/possible-typed-array-names/1.1.0/possible-typed-array-names-1.1.0.tgz 1272ms (cache miss)
1045 http fetch GET 200 https://cdn.npmmirror.com/packages/path-type/4.0.0/path-type-4.0.0.tgz 1273ms (cache miss)
1046 http fetch GET 200 https://cdn.npmmirror.com/packages/path-is-absolute/1.0.1/path-is-absolute-1.0.1.tgz 1286ms (cache miss)
1047 http fetch GET 200 https://cdn.npmmirror.com/packages/path-parse/1.0.7/path-parse-1.0.7.tgz 1306ms (cache miss)
1048 http fetch GET 200 https://cdn.npmmirror.com/packages/postcss-nested/6.2.0/postcss-nested-6.2.0.tgz 1308ms (cache miss)
1049 http fetch GET 200 https://cdn.npmmirror.com/packages/pirates/4.0.6/pirates-4.0.6.tgz 1311ms (cache miss)
1050 http fetch GET 200 https://cdn.npmmirror.com/packages/parent-module/1.0.1/parent-module-1.0.1.tgz 1316ms (cache miss)
1051 http fetch GET 200 https://cdn.npmmirror.com/packages/path-key/3.1.1/path-key-3.1.1.tgz 1317ms (cache miss)
1052 http fetch GET 200 https://cdn.npmmirror.com/packages/styled-jsx/5.1.1/styled-jsx-5.1.1.tgz 1333ms (cache miss)
1053 http fetch GET 200 https://cdn.npmmirror.com/packages/postcss-js/4.0.1/postcss-js-4.0.1.tgz 1329ms (cache miss)
1054 http fetch GET 200 https://cdn.npmmirror.com/packages/pify/2.3.0/pify-2.3.0.tgz 1328ms (cache miss)
1055 http fetch GET 200 https://cdn.npmmirror.com/packages/package-json-from-dist/1.0.1/package-json-from-dist-1.0.1.tgz 1333ms (cache miss)
1056 http fetch GET 200 https://cdn.npmmirror.com/packages/normalize-path/3.0.0/normalize-path-3.0.0.tgz 1332ms (cache miss)
1057 http fetch GET 200 https://cdn.npmmirror.com/packages/p-limit/3.1.0/p-limit-3.1.0.tgz 1334ms (cache miss)
1058 http fetch GET 200 https://cdn.npmmirror.com/packages/path-exists/4.0.0/path-exists-4.0.0.tgz 1338ms (cache miss)
1059 http fetch GET 200 https://cdn.npmmirror.com/packages/p-locate/5.0.0/p-locate-5.0.0.tgz 1346ms (cache miss)
1060 http fetch GET 200 https://cdn.npmmirror.com/packages/normalize-range/0.1.2/normalize-range-0.1.2.tgz 1342ms (cache miss)
1061 http fetch GET 200 https://cdn.npmmirror.com/packages/once/1.4.0/once-1.4.0.tgz 1348ms (cache miss)
1062 http fetch GET 200 https://cdn.npmmirror.com/packages/undici-types/6.20.0/undici-types-6.20.0.tgz 1385ms (cache miss)
1063 http fetch GET 200 https://cdn.npmmirror.com/packages/node-releases/2.0.19/node-releases-2.0.19.tgz 1365ms (cache miss)
1064 http fetch GET 200 https://cdn.npmmirror.com/packages/object-assign/4.1.1/object-assign-4.1.1.tgz 1367ms (cache miss)
1065 http fetch GET 200 https://cdn.npmmirror.com/packages/natural-compare/1.4.0/natural-compare-1.4.0.tgz 1382ms (cache miss)
1066 http fetch GET 200 https://cdn.npmmirror.com/packages/object.groupby/1.0.3/object.groupby-1.0.3.tgz 1386ms (cache miss)
1067 http fetch GET 200 https://cdn.npmmirror.com/packages/object.fromentries/2.0.8/object.fromentries-2.0.8.tgz 1519ms (cache miss)
1068 http fetch GET 200 https://cdn.npmmirror.com/packages/locate-path/6.0.0/locate-path-6.0.0.tgz 1525ms (cache miss)
1069 http fetch GET 200 https://cdn.npmmirror.com/packages/lilconfig/2.1.0/lilconfig-2.1.0.tgz 1524ms (cache miss)
1070 http fetch GET 200 https://cdn.npmmirror.com/packages/object-keys/1.1.1/object-keys-1.1.1.tgz 1531ms (cache miss)
1071 http fetch GET 200 https://cdn.npmmirror.com/packages/merge2/1.4.1/merge2-1.4.1.tgz 1527ms (cache miss)
1072 http fetch GET 200 https://cdn.npmmirror.com/packages/object-hash/3.0.0/object-hash-3.0.0.tgz 1536ms (cache miss)
1073 http fetch GET 200 https://cdn.npmmirror.com/packages/mz/2.7.0/mz-2.7.0.tgz 1536ms (cache miss)
1074 http fetch GET 200 https://cdn.npmmirror.com/packages/micromatch/4.0.8/micromatch-4.0.8.tgz 1540ms (cache miss)
1075 http fetch GET 200 https://cdn.npmmirror.com/packages/loose-envify/1.4.0/loose-envify-1.4.0.tgz 1539ms (cache miss)
1076 http fetch GET 200 https://cdn.npmmirror.com/packages/picocolors/1.1.1/picocolors-1.1.1.tgz 1551ms (cache miss)
1077 http fetch GET 200 https://cdn.npmmirror.com/packages/rc-segmented/2.2.2/rc-segmented-2.2.2.tgz 1560ms (cache miss)
1078 http fetch GET 200 https://cdn.npmmirror.com/packages/lines-and-columns/1.2.4/lines-and-columns-1.2.4.tgz 1550ms (cache miss)
1079 http fetch GET 200 https://cdn.npmmirror.com/packages/minimatch/3.1.2/minimatch-3.1.2.tgz 1556ms (cache miss)
1080 http fetch GET 200 https://cdn.npmmirror.com/packages/ms/2.1.3/ms-2.1.3.tgz 1558ms (cache miss)
1081 http fetch GET 200 https://cdn.npmmirror.com/packages/json-stable-stringify-without-jsonify/1.0.1/json-stable-stringify-without-jsonify-1.0.1.tgz 1560ms (cache miss)
1082 http fetch GET 200 https://cdn.npmmirror.com/packages/json2mq/0.2.0/json2mq-0.2.0.tgz 1560ms (cache miss)
1083 http fetch GET 200 https://cdn.npmmirror.com/packages/lodash.merge/4.6.2/lodash.merge-4.6.2.tgz 1564ms (cache miss)
1084 http fetch GET 200 https://cdn.npmmirror.com/packages/js-tokens/4.0.0/js-tokens-4.0.0.tgz 1562ms (cache miss)
1085 http fetch GET 200 https://cdn.npmmirror.com/packages/qrcode.react/3.2.0/qrcode.react-3.2.0.tgz 1587ms (cache miss)
1086 http fetch GET 200 https://cdn.npmmirror.com/packages/type-fest/0.20.2/type-fest-0.20.2.tgz 1607ms (cache miss)
1087 http fetch GET 200 https://cdn.npmmirror.com/packages/json-buffer/3.0.1/json-buffer-3.0.1.tgz 1580ms (cache miss)
1088 http fetch GET 200 https://cdn.npmmirror.com/packages/is-weakref/1.1.1/is-weakref-1.1.1.tgz 1591ms (cache miss)
1089 http fetch GET 200 https://cdn.npmmirror.com/packages/is-string/1.1.1/is-string-1.1.1.tgz 1598ms (cache miss)
1090 http fetch GET 200 https://cdn.npmmirror.com/packages/postcss-load-config/4.0.2/postcss-load-config-4.0.2.tgz 1611ms (cache miss)
1091 http fetch GET 200 https://cdn.npmmirror.com/packages/levn/0.4.1/levn-0.4.1.tgz 1611ms (cache miss)
1092 http fetch GET 200 https://cdn.npmmirror.com/packages/optionator/0.9.4/optionator-0.9.4.tgz 1624ms (cache miss)
1093 http fetch GET 200 https://cdn.npmmirror.com/packages/is-weakmap/2.0.2/is-weakmap-2.0.2.tgz 1640ms (cache miss)
1094 http fetch GET 200 https://cdn.npmmirror.com/packages/is-set/2.0.3/is-set-2.0.3.tgz 1641ms (cache miss)
1095 http fetch GET 200 https://cdn.npmmirror.com/packages/keyv/4.5.4/keyv-4.5.4.tgz 1642ms (cache miss)
1096 http fetch GET 200 https://cdn.npmmirror.com/packages/is-typed-array/1.1.15/is-typed-array-1.1.15.tgz 1653ms (cache miss)
1097 http fetch GET 200 https://cdn.npmmirror.com/packages/is-number/7.0.0/is-number-7.0.0.tgz 1661ms (cache miss)
1098 http fetch GET 200 https://cdn.npmmirror.com/packages/is-shared-array-buffer/1.0.4/is-shared-array-buffer-1.0.4.tgz 1687ms (cache miss)
1099 http fetch GET 200 https://cdn.npmmirror.com/packages/is-path-inside/3.0.3/is-path-inside-3.0.3.tgz 1697ms (cache miss)
1100 http fetch GET 200 https://cdn.npmmirror.com/packages/is-generator-function/1.1.0/is-generator-function-1.1.0.tgz 1700ms (cache miss)
1101 http fetch GET 200 https://cdn.npmmirror.com/packages/is-glob/4.0.3/is-glob-4.0.3.tgz 1701ms (cache miss)
1102 http fetch GET 200 https://cdn.npmmirror.com/packages/language-tags/1.0.9/language-tags-1.0.9.tgz 1709ms (cache miss)
1103 http fetch GET 200 https://cdn.npmmirror.com/packages/isarray/2.0.5/isarray-2.0.5.tgz 1708ms (cache miss)
1104 http fetch GET 200 https://cdn.npmmirror.com/packages/postcss-import/15.1.0/postcss-import-15.1.0.tgz 1734ms (cache miss)
1105 http fetch GET 200 https://cdn.npmmirror.com/packages/picomatch/2.3.1/picomatch-2.3.1.tgz 1740ms (cache miss)
1106 http fetch GET 200 https://cdn.npmmirror.com/packages/is-extglob/2.1.1/is-extglob-2.1.1.tgz 1730ms (cache miss)
1107 http fetch GET 200 https://cdn.npmmirror.com/packages/is-number-object/1.1.1/is-number-object-1.1.1.tgz 1731ms (cache miss)
1108 http fetch GET 200 https://cdn.npmmirror.com/packages/has-tostringtag/1.0.2/has-tostringtag-1.0.2.tgz 1753ms (cache miss)
1109 http fetch GET 200 https://cdn.npmmirror.com/packages/is-data-view/1.0.2/is-data-view-1.0.2.tgz 1756ms (cache miss)
1110 http fetch GET 200 https://cdn.npmmirror.com/packages/gopd/1.2.0/gopd-1.2.0.tgz 1765ms (cache miss)
1111 http fetch GET 200 https://cdn.npmmirror.com/packages/ignore/5.3.2/ignore-5.3.2.tgz 1775ms (cache miss)
1112 http fetch GET 200 https://cdn.npmmirror.com/packages/is-fullwidth-code-point/3.0.0/is-fullwidth-code-point-3.0.0.tgz 1780ms (cache miss)
1113 http fetch GET 200 https://cdn.npmmirror.com/packages/imurmurhash/0.1.4/imurmurhash-0.1.4.tgz 1778ms (cache miss)
1114 http fetch GET 200 https://cdn.npmmirror.com/packages/is-binary-path/2.1.0/is-binary-path-2.1.0.tgz 1784ms (cache miss)
1115 http fetch GET 200 https://cdn.npmmirror.com/packages/graceful-fs/4.2.11/graceful-fs-4.2.11.tgz 1788ms (cache miss)
1116 http fetch GET 200 https://cdn.npmmirror.com/packages/is-bigint/1.1.0/is-bigint-1.1.0.tgz 1797ms (cache miss)
1117 http fetch GET 200 https://cdn.npmmirror.com/packages/import-fresh/3.3.1/import-fresh-3.3.1.tgz 1796ms (cache miss)
1118 http fetch GET 200 https://cdn.npmmirror.com/packages/hasown/2.0.2/hasown-2.0.2.tgz 1797ms (cache miss)
1119 http fetch GET 200 https://cdn.npmmirror.com/packages/inflight/1.0.6/inflight-1.0.6.tgz 1804ms (cache miss)
1120 http fetch GET 200 https://cdn.npmmirror.com/packages/get-proto/1.0.1/get-proto-1.0.1.tgz 1811ms (cache miss)
1121 http fetch GET 200 https://cdn.npmmirror.com/packages/has-property-descriptors/1.0.2/has-property-descriptors-1.0.2.tgz 1813ms (cache miss)
1122 http fetch GET 200 https://cdn.npmmirror.com/packages/inherits/2.0.4/inherits-2.0.4.tgz 1829ms (cache miss)
1123 http fetch GET 200 https://cdn.npmmirror.com/packages/own-keys/1.0.1/own-keys-1.0.1.tgz 1846ms (cache miss)
1124 http fetch GET 200 https://cdn.npmmirror.com/packages/get-symbol-description/1.1.0/get-symbol-description-1.1.0.tgz 1835ms (cache miss)
1125 http fetch GET 200 https://cdn.npmmirror.com/packages/globby/11.1.0/globby-11.1.0.tgz 1837ms (cache miss)
1126 warn deprecated inflight@1.0.6: This module is not supported, and leaks memory. Do not use it. Check out lru-cache if you want a good and tested way to coalesce async requests by a key value, which is much more comprehensive and powerful.
1127 http fetch GET 200 https://cdn.npmmirror.com/packages/is-boolean-object/1.2.2/is-boolean-object-1.2.2.tgz 1842ms (cache miss)
1128 http fetch GET 200 https://cdn.npmmirror.com/packages/get-intrinsic/1.3.0/get-intrinsic-1.3.0.tgz 1847ms (cache miss)
1129 http fetch GET 200 https://cdn.npmmirror.com/packages/glob-to-regexp/0.4.1/glob-to-regexp-0.4.1.tgz 1849ms (cache miss)
1130 http fetch GET 200 https://cdn.npmmirror.com/packages/is-bun-module/1.3.0/is-bun-module-1.3.0.tgz 1853ms (cache miss)
1131 http fetch GET 200 https://cdn.npmmirror.com/packages/globals/13.24.0/globals-13.24.0.tgz 1854ms (cache miss)
1132 http fetch GET 200 https://cdn.npmmirror.com/packages/prop-types/15.8.1/prop-types-15.8.1.tgz 1875ms (cache miss)
1133 http fetch GET 200 https://cdn.npmmirror.com/packages/fastq/1.19.1/fastq-1.19.1.tgz 1855ms (cache miss)
1134 http fetch GET 200 https://cdn.npmmirror.com/packages/isexe/2.0.0/isexe-2.0.0.tgz 1866ms (cache miss)
1135 http fetch GET 200 https://cdn.npmmirror.com/packages/fast-json-stable-stringify/2.1.0/fast-json-stable-stringify-2.1.0.tgz 1859ms (cache miss)
1136 http fetch GET 200 https://cdn.npmmirror.com/packages/fast-levenshtein/2.0.6/fast-levenshtein-2.0.6.tgz 1859ms (cache miss)
1137 http fetch GET 200 https://cdn.npmmirror.com/packages/has-flag/4.0.0/has-flag-4.0.0.tgz 1864ms (cache miss)
1138 http fetch GET 200 https://cdn.npmmirror.com/packages/for-each/0.3.5/for-each-0.3.5.tgz 1863ms (cache miss)
1139 http fetch GET 200 https://cdn.npmmirror.com/packages/iterator.prototype/1.1.5/iterator.prototype-1.1.5.tgz 1873ms (cache miss)
1140 http fetch GET 200 https://cdn.npmmirror.com/packages/fill-range/7.1.1/fill-range-7.1.1.tgz 1866ms (cache miss)
1141 http fetch GET 200 https://cdn.npmmirror.com/packages/glob-parent/6.0.2/glob-parent-6.0.2.tgz 1868ms (cache miss)
1142 http fetch GET 200 https://cdn.npmmirror.com/packages/function-bind/1.1.2/function-bind-1.1.2.tgz 1875ms (cache miss)
1143 http fetch GET 200 https://cdn.npmmirror.com/packages/json-schema-traverse/0.4.1/json-schema-traverse-0.4.1.tgz 1902ms (cache miss)
1144 http fetch GET 200 https://cdn.npmmirror.com/packages/fast-deep-equal/3.1.3/fast-deep-equal-3.1.3.tgz 1893ms (cache miss)
1145 http fetch GET 200 https://cdn.npmmirror.com/packages/fs.realpath/1.0.0/fs.realpath-1.0.0.tgz 1897ms (cache miss)
1146 http fetch GET 200 https://cdn.npmmirror.com/packages/foreground-child/3.3.1/foreground-child-3.3.1.tgz 1897ms (cache miss)
1147 http fetch GET 200 https://cdn.npmmirror.com/packages/escalade/3.2.0/escalade-3.2.0.tgz 1896ms (cache miss)
1148 http fetch GET 200 https://cdn.npmmirror.com/packages/eslint-import-resolver-node/0.3.9/eslint-import-resolver-node-0.3.9.tgz 1897ms (cache miss)
1149 http fetch GET 200 https://cdn.npmmirror.com/packages/esutils/2.0.3/esutils-2.0.3.tgz 1906ms (cache miss)
1150 http fetch GET 200 https://cdn.npmmirror.com/packages/es-define-property/1.0.1/es-define-property-1.0.1.tgz 1911ms (cache miss)
1151 http fetch GET 200 https://cdn.npmmirror.com/packages/estraverse/5.3.0/estraverse-5.3.0.tgz 1922ms (cache miss)
1152 http fetch GET 200 https://cdn.npmmirror.com/packages/find-up/5.0.0/find-up-5.0.0.tgz 1926ms (cache miss)
1153 http fetch GET 200 https://cdn.npmmirror.com/packages/file-entry-cache/6.0.1/file-entry-cache-6.0.1.tgz 1927ms (cache miss)
1154 http fetch GET 200 https://cdn.npmmirror.com/packages/eslint-config-next/13.4.19/eslint-config-next-13.4.19.tgz 1955ms (cache miss)
1155 http fetch GET 200 https://cdn.npmmirror.com/packages/esrecurse/4.3.0/esrecurse-4.3.0.tgz 1984ms (cache miss)
1156 http fetch GET 200 https://cdn.npmmirror.com/packages/escape-string-regexp/4.0.0/escape-string-regexp-4.0.0.tgz 1996ms (cache miss)
1157 http fetch GET 200 https://cdn.npmmirror.com/packages/es-to-primitive/1.3.0/es-to-primitive-1.3.0.tgz 1996ms (cache miss)
1158 http fetch GET 200 https://cdn.npmmirror.com/packages/dlv/1.1.3/dlv-1.1.3.tgz 1995ms (cache miss)
1159 http fetch GET 200 https://cdn.npmmirror.com/packages/nprogress/0.2.0/nprogress-0.2.0.tgz 2022ms (cache miss)
1160 http fetch GET 200 https://cdn.npmmirror.com/packages/dir-glob/3.0.1/dir-glob-3.0.1.tgz 2019ms (cache miss)
1161 http fetch GET 200 https://cdn.npmmirror.com/packages/didyoumean/1.2.2/didyoumean-1.2.2.tgz 2022ms (cache miss)
1162 http fetch GET 200 https://cdn.npmmirror.com/packages/glob/7.1.7/glob-7.1.7.tgz 2036ms (cache miss)
1163 http fetch GET 200 https://cdn.npmmirror.com/packages/eastasianwidth/0.2.0/eastasianwidth-0.2.0.tgz 2033ms (cache miss)
1164 http fetch GET 200 https://cdn.npmmirror.com/packages/data-view-byte-offset/1.0.1/data-view-byte-offset-1.0.1.tgz 2032ms (cache miss)
1165 http fetch GET 200 https://cdn.npmmirror.com/packages/damerau-levenshtein/1.0.8/damerau-levenshtein-1.0.8.tgz 2032ms (cache miss)
1166 http fetch GET 200 https://cdn.npmmirror.com/packages/flat-cache/3.2.0/flat-cache-3.2.0.tgz 2049ms (cache miss)
1167 http fetch GET 200 https://cdn.npmmirror.com/packages/data-view-buffer/1.0.2/data-view-buffer-1.0.2.tgz 2051ms (cache miss)
1168 http fetch GET 200 https://cdn.npmmirror.com/packages/is-core-module/2.16.1/is-core-module-2.16.1.tgz 2076ms (cache miss)
1169 warn deprecated glob@7.1.7: Glob versions prior to v9 are no longer supported
1170 http fetch GET 200 https://cdn.npmmirror.com/packages/concat-map/0.0.1/concat-map-0.0.1.tgz 2070ms (cache miss)
1171 http fetch GET 200 https://cdn.npmmirror.com/packages/client-only/0.0.1/client-only-0.0.1.tgz 2072ms (cache miss)
1172 http fetch GET 200 https://cdn.npmmirror.com/packages/copy-to-clipboard/3.3.3/copy-to-clipboard-3.3.3.tgz 2073ms (cache miss)
1173 http fetch GET 200 https://cdn.npmmirror.com/packages/classnames/2.5.1/classnames-2.5.1.tgz 2074ms (cache miss)
1174 http fetch GET 200 https://cdn.npmmirror.com/packages/color-name/1.1.4/color-name-1.1.4.tgz 2074ms (cache miss)
1175 http fetch GET 200 https://cdn.npmmirror.com/packages/json5/1.0.2/json5-1.0.2.tgz 2104ms (cache miss)
1176 http fetch GET 200 https://cdn.npmmirror.com/packages/is-regex/1.2.1/is-regex-1.2.1.tgz 2104ms (cache miss)
1177 http fetch GET 200 https://cdn.npmmirror.com/packages/is-callable/1.2.7/is-callable-1.2.7.tgz 2104ms (cache miss)
1178 http fetch GET 200 https://cdn.npmmirror.com/packages/color-convert/2.0.1/color-convert-2.0.1.tgz 2090ms (cache miss)
1179 http fetch GET 200 https://cdn.npmmirror.com/packages/camelcase-css/2.0.1/camelcase-css-2.0.1.tgz 2096ms (cache miss)
1180 http fetch GET 200 https://cdn.npmmirror.com/packages/callsites/3.1.0/callsites-3.1.0.tgz 2101ms (cache miss)
1181 http fetch GET 200 https://cdn.npmmirror.com/packages/call-bind/1.0.8/call-bind-1.0.8.tgz 2101ms (cache miss)
1182 http fetch GET 200 https://cdn.npmmirror.com/packages/arraybuffer.prototype.slice/1.0.4/arraybuffer.prototype.slice-1.0.4.tgz 2105ms (cache miss)
1183 http fetch GET 200 https://cdn.npmmirror.com/packages/is-symbol/1.1.1/is-symbol-1.1.1.tgz 2128ms (cache miss)
1184 http fetch GET 200 https://cdn.npmmirror.com/packages/brace-expansion/1.1.11/brace-expansion-1.1.11.tgz 2117ms (cache miss)
1185 http fetch GET 200 https://cdn.npmmirror.com/packages/get-tsconfig/4.10.0/get-tsconfig-4.10.0.tgz 2130ms (cache miss)
1186 http fetch GET 200 https://cdn.npmmirror.com/packages/rc-progress/3.4.2/rc-progress-3.4.2.tgz 2154ms (cache miss)
1187 http fetch GET 200 https://cdn.npmmirror.com/packages/fraction.js/4.3.7/fraction.js-4.3.7.tgz 2139ms (cache miss)
1188 http fetch GET 200 https://cdn.npmmirror.com/packages/eslint-plugin-react-hooks/5.0.0-canary-7118f5dd7-20230705/eslint-plugin-react-hooks-5.0.0-canary-7118f5dd7-20230705.tgz 2145ms (cache miss)
1189 http fetch GET 200 https://cdn.npmmirror.com/packages/ast-types-flow/0.0.8/ast-types-flow-0.0.8.tgz 2140ms (cache miss)
1190 http fetch GET 200 https://cdn.npmmirror.com/packages/call-bound/1.0.4/call-bound-1.0.4.tgz 2145ms (cache miss)
1191 http fetch GET 200 https://cdn.npmmirror.com/packages/array.prototype.tosorted/1.1.4/array.prototype.tosorted-1.1.4.tgz 2144ms (cache miss)
1192 http fetch GET 200 https://cdn.npmmirror.com/packages/is-weakset/2.0.4/is-weakset-2.0.4.tgz 2167ms (cache miss)
1193 http fetch GET 200 https://cdn.npmmirror.com/packages/async-function/1.0.0/async-function-1.0.0.tgz 2159ms (cache miss)
1194 http fetch GET 200 https://cdn.npmmirror.com/packages/cssesc/3.0.0/cssesc-3.0.0.tgz 2170ms (cache miss)
1195 http fetch GET 200 https://cdn.npmmirror.com/packages/array.prototype.findlast/1.2.5/array.prototype.findlast-1.2.5.tgz 2169ms (cache miss)
1196 http fetch GET 200 https://cdn.npmmirror.com/packages/balanced-match/1.0.2/balanced-match-1.0.2.tgz 2176ms (cache miss)
1197 http fetch GET 200 https://cdn.npmmirror.com/packages/is-array-buffer/3.0.5/is-array-buffer-3.0.5.tgz 2194ms (cache miss)
1198 http fetch GET 200 https://cdn.npmmirror.com/packages/array-includes/3.1.8/array-includes-3.1.8.tgz 2176ms (cache miss)
1199 http fetch GET 200 https://cdn.npmmirror.com/packages/object.values/1.2.1/object.values-1.2.1.tgz 2211ms (cache miss)
1200 http fetch GET 200 https://cdn.npmmirror.com/packages/is-async-function/2.1.1/is-async-function-2.1.1.tgz 2203ms (cache miss)
1201 http fetch GET 200 https://cdn.npmmirror.com/packages/rc-resize-observer/1.4.3/rc-resize-observer-1.4.3.tgz 2227ms (cache miss)
1202 http fetch GET 200 https://cdn.npmmirror.com/packages/eslint-visitor-keys/3.4.3/eslint-visitor-keys-3.4.3.tgz 2200ms (cache miss)
1203 http fetch GET 200 https://cdn.npmmirror.com/packages/array-tree-filter/2.1.0/array-tree-filter-2.1.0.tgz 2188ms (cache miss)
1204 http fetch GET 200 https://cdn.npmmirror.com/packages/functions-have-names/1.2.3/functions-have-names-1.2.3.tgz 2204ms (cache miss)
1205 http fetch GET 200 https://cdn.npmmirror.com/packages/array.prototype.flat/1.3.3/array.prototype.flat-1.3.3.tgz 2193ms (cache miss)
1206 http fetch GET 200 https://cdn.npmmirror.com/packages/acorn-jsx/5.3.2/acorn-jsx-5.3.2.tgz 2197ms (cache miss)
1207 http fetch GET 200 https://cdn.npmmirror.com/packages/debug/4.4.0/debug-4.4.0.tgz 2210ms (cache miss)
1208 http fetch GET 200 https://cdn.npmmirror.com/packages/anymatch/3.1.3/anymatch-3.1.3.tgz 2201ms (cache miss)
1209 http fetch GET 200 https://cdn.npmmirror.com/packages/array.prototype.findlastindex/1.2.5/array.prototype.findlastindex-1.2.5.tgz 2204ms (cache miss)
1210 http fetch GET 200 https://cdn.npmmirror.com/packages/ansi-styles/4.3.0/ansi-styles-4.3.0.tgz 2210ms (cache miss)
1211 http fetch GET 200 https://cdn.npmmirror.com/packages/array-union/2.1.0/array-union-2.1.0.tgz 2212ms (cache miss)
1212 http fetch GET 200 https://cdn.npmmirror.com/packages/has-bigints/1.1.0/has-bigints-1.1.0.tgz 2234ms (cache miss)
1213 http fetch GET 200 https://cdn.npmmirror.com/packages/is-finalizationregistry/1.1.1/is-finalizationregistry-1.1.1.tgz 2241ms (cache miss)
1214 http fetch GET 200 https://cdn.npmmirror.com/packages/is-date-object/1.1.0/is-date-object-1.1.0.tgz 2244ms (cache miss)
1215 http fetch GET 200 https://cdn.npmmirror.com/packages/object.entries/1.1.8/object.entries-1.1.8.tgz 2257ms (cache miss)
1216 http fetch GET 200 https://cdn.npmmirror.com/packages/es-set-tostringtag/2.1.0/es-set-tostringtag-2.1.0.tgz 2236ms (cache miss)
1217 http fetch GET 200 https://cdn.npmmirror.com/packages/binary-extensions/2.3.0/binary-extensions-2.3.0.tgz 2242ms (cache miss)
1218 http fetch GET 200 https://cdn.npmmirror.com/packages/commander/4.1.1/commander-4.1.1.tgz 2246ms (cache miss)
1219 http fetch GET 200 https://cdn.npmmirror.com/packages/is-map/2.0.3/is-map-2.0.3.tgz 2264ms (cache miss)
1220 http fetch GET 200 https://cdn.npmmirror.com/packages/ansi-regex/5.0.1/ansi-regex-5.0.1.tgz 2252ms (cache miss)
1221 http fetch GET 200 https://cdn.npmmirror.com/packages/internal-slot/1.1.0/internal-slot-1.1.0.tgz 2277ms (cache miss)
1222 http fetch GET 200 https://cdn.npmmirror.com/packages/arg/5.0.2/arg-5.0.2.tgz 2261ms (cache miss)
1223 http fetch GET 200 https://cdn.npmmirror.com/packages/espree/9.6.1/espree-9.6.1.tgz 2282ms (cache miss)
1224 http fetch GET 200 https://cdn.npmmirror.com/packages/deep-is/0.1.4/deep-is-0.1.4.tgz 2286ms (cache miss)
1225 http fetch GET 200 https://cdn.npmmirror.com/packages/define-properties/1.2.1/define-properties-1.2.1.tgz 2289ms (cache miss)
1226 http fetch POST 404 https://registry.npmmirror.com/-/npm/v1/security/audits/quick 2120ms (cache skip)
1227 verbose audit error HttpErrorGeneral: 404 Not Found - POST https://registry.npmmirror.com/-/npm/v1/security/audits/quick - [NOT_IMPLEMENTED] /-/npm/v1/security/* not implemented yet
1227 verbose audit error     at C:\Program Files\nodejs\node_modules\npm\node_modules\npm-registry-fetch\lib\check-response.js:103:15
1227 verbose audit error     at process.processTicksAndRejections (node:internal/process/task_queues:105:5)
1227 verbose audit error     at async [getReport] (C:\Program Files\nodejs\node_modules\npm\node_modules\@npmcli\arborist\lib\audit-report.js:336:21)
1227 verbose audit error     at async AuditReport.run (C:\Program Files\nodejs\node_modules\npm\node_modules\@npmcli\arborist\lib\audit-report.js:106:19) {
1227 verbose audit error   headers: [Object: null prototype] {
1227 verbose audit error     server: [ 'Tengine' ],
1227 verbose audit error     date: [ 'Fri, 14 Nov 2025 06:09:14 GMT' ],
1227 verbose audit error     'content-type': [ 'application/json' ],
1227 verbose audit error     'transfer-encoding': [ 'chunked' ],
1227 verbose audit error     connection: [ 'keep-alive' ],
1227 verbose audit error     'strict-transport-security': [ 'max-age=5184000' ],
1227 verbose audit error     via: [ 'kunlun1.cn7036[,404666]' ],
1227 verbose audit error     'timing-allow-origin': [ '*' ],
1227 verbose audit error     eagleid: [ 'da620c9517631005543988129e' ],
1227 verbose audit error     'x-fetch-attempts': [ '1' ],
1227 verbose audit error     'x-local-cache-status': [ 'skip' ]
1227 verbose audit error   },
1227 verbose audit error   statusCode: 404,
1227 verbose audit error   code: 'E404',
1227 verbose audit error   method: 'POST',
1227 verbose audit error   uri: 'https://registry.npmmirror.com/-/npm/v1/security/audits/quick',
1227 verbose audit error   body: {
1227 verbose audit error     error: '[NOT_IMPLEMENTED] /-/npm/v1/security/* not implemented yet'
1227 verbose audit error   },
1227 verbose audit error   pkgid: undefined
1227 verbose audit error }
1228 silly audit error [object Object]
1229 silly audit report null
1230 http fetch GET 200 https://cdn.npmmirror.com/packages/%40types/json5/0.0.29/json5-0.0.29.tgz 2280ms (cache miss)
1231 http fetch GET 200 https://cdn.npmmirror.com/packages/%40typescript-eslint/parser/6.21.0/parser-6.21.0.tgz 2281ms (cache miss)
1232 http fetch GET 200 https://cdn.npmmirror.com/packages/chalk/4.1.2/chalk-4.1.2.tgz 2293ms (cache miss)
1233 http fetch GET 200 https://cdn.npmmirror.com/packages/doctrine/3.0.0/doctrine-3.0.0.tgz 2298ms (cache miss)
1234 http fetch GET 200 https://cdn.npmmirror.com/packages/cross-spawn/7.0.6/cross-spawn-7.0.6.tgz 2298ms (cache miss)
1235 http fetch GET 200 https://cdn.npmmirror.com/packages/uri-js/4.4.1/uri-js-4.4.1.tgz 2349ms (cache miss)
1236 http fetch GET 200 https://cdn.npmmirror.com/packages/rc-rate/2.12.0/rc-rate-2.12.0.tgz 2334ms (cache miss)
1237 http fetch GET 200 https://cdn.npmmirror.com/packages/array-buffer-byte-length/1.0.2/array-buffer-byte-length-1.0.2.tgz 2302ms (cache miss)
1238 http fetch GET 200 https://cdn.npmmirror.com/packages/minipass/7.1.2/minipass-7.1.2.tgz 2332ms (cache miss)
1239 http fetch GET 200 https://cdn.npmmirror.com/packages/rc-dropdown/4.1.0/rc-dropdown-4.1.0.tgz 2348ms (cache miss)
1240 http fetch GET 200 https://cdn.npmmirror.com/packages/%40rc-component/mini-decimal/1.1.0/mini-decimal-1.1.0.tgz 2321ms (cache miss)
1241 http fetch GET 200 https://cdn.npmmirror.com/packages/%40rc-component/portal/1.1.2/portal-1.1.2.tgz 2339ms (cache miss)
1242 http fetch GET 200 https://cdn.npmmirror.com/packages/%40jridgewell/set-array/1.2.1/set-array-1.2.1.tgz 2337ms (cache miss)
1243 http fetch GET 200 https://cdn.npmmirror.com/packages/%40rc-component/color-picker/1.4.1/color-picker-1.4.1.tgz 2338ms (cache miss)
1244 http fetch GET 200 https://cdn.npmmirror.com/packages/%40nolyfill/is-core-module/1.0.39/is-core-module-1.0.39.tgz 2343ms (cache miss)
1245 http fetch GET 200 https://cdn.npmmirror.com/packages/es-shim-unscopables/1.1.0/es-shim-unscopables-1.1.0.tgz 2371ms (cache miss)
1246 http fetch GET 200 https://cdn.npmmirror.com/packages/%40rtsao/scc/1.1.0/scc-1.1.0.tgz 2431ms (cache miss)
1247 http fetch GET 200 https://cdn.npmmirror.com/packages/data-view-byte-length/1.0.2/data-view-byte-length-1.0.2.tgz 2445ms (cache miss)
1248 http fetch GET 200 https://cdn.npmmirror.com/packages/flatted/3.3.3/flatted-3.3.3.tgz 2454ms (cache miss)
1249 http fetch GET 200 https://cdn.npmmirror.com/packages/%40rc-component/context/1.4.0/context-1.4.0.tgz 2436ms (cache miss)
1250 http fetch GET 200 https://cdn.npmmirror.com/packages/chokidar/3.6.0/chokidar-3.6.0.tgz 2453ms (cache miss)
1251 http fetch GET 200 https://cdn.npmmirror.com/packages/path-scurry/1.11.1/path-scurry-1.11.1.tgz 2483ms (cache miss)
1252 http fetch GET 200 https://cdn.npmmirror.com/packages/define-data-property/1.1.4/define-data-property-1.1.4.tgz 2468ms (cache miss)
1253 http fetch GET 200 https://cdn.npmmirror.com/packages/%40humanwhocodes/config-array/0.11.14/config-array-0.11.14.tgz 2461ms (cache miss)
1254 http fetch GET 200 https://cdn.npmmirror.com/packages/%40humanwhocodes/object-schema/2.0.3/object-schema-2.0.3.tgz 2465ms (cache miss)
1255 http fetch GET 200 https://cdn.npmmirror.com/packages/object.assign/4.1.7/object.assign-4.1.7.tgz 2506ms (cache miss)
1256 http fetch GET 200 https://cdn.npmmirror.com/packages/%40eslint/js/8.49.0/js-8.49.0.tgz 2471ms (cache miss)
1257 http fetch GET 200 https://cdn.npmmirror.com/packages/%40jridgewell/gen-mapping/0.3.8/gen-mapping-0.3.8.tgz 2478ms (cache miss)
1258 http fetch GET 200 https://cdn.npmmirror.com/packages/%40isaacs/cliui/8.0.2/cliui-8.0.2.tgz 2479ms (cache miss)
1259 http fetch GET 200 https://cdn.npmmirror.com/packages/compute-scroll-into-view/3.1.1/compute-scroll-into-view-3.1.1.tgz 2496ms (cache miss)
1260 http fetch GET 200 https://cdn.npmmirror.com/packages/%40jridgewell/resolve-uri/3.1.2/resolve-uri-3.1.2.tgz 2485ms (cache miss)
1261 http fetch GET 200 https://cdn.npmmirror.com/packages/%40nodelib/fs.scandir/2.1.5/fs.scandir-2.1.5.tgz 2486ms (cache miss)
1262 http fetch GET 200 https://cdn.npmmirror.com/packages/%40next/env/13.4.19/env-13.4.19.tgz 2493ms (cache miss)
1263 http fetch GET 200 https://cdn.npmmirror.com/packages/has-proto/1.2.0/has-proto-1.2.0.tgz 2535ms (cache miss)
1264 http fetch GET 200 https://cdn.npmmirror.com/packages/braces/3.0.3/braces-3.0.3.tgz 2522ms (cache miss)
1265 http fetch GET 200 https://cdn.npmmirror.com/packages/%40emotion/is-prop-valid/0.8.8/is-prop-valid-0.8.8.tgz 2508ms (cache miss)
1266 warn deprecated @humanwhocodes/config-array@0.11.14: Use @eslint/config-array instead
1267 http fetch GET 200 https://cdn.npmmirror.com/packages/%40nodelib/fs.stat/2.0.5/fs.stat-2.0.5.tgz 2520ms (cache miss)
1268 http fetch GET 200 https://cdn.npmmirror.com/packages/strip-ansi/7.1.0/strip-ansi-7.1.0.tgz 2521ms (cache miss)
1269 http fetch GET 200 https://cdn.npmmirror.com/packages/argparse/2.0.1/argparse-2.0.1.tgz 2532ms (cache miss)
1270 http fetch GET 200 https://cdn.npmmirror.com/packages/%40emotion/memoize/0.7.4/memoize-0.7.4.tgz 2527ms (cache miss)
1271 http fetch GET 200 https://cdn.npmmirror.com/packages/%40rc-component/mutate-observer/1.1.0/mutate-observer-1.1.0.tgz 2534ms (cache miss)
1272 http fetch GET 200 https://cdn.npmmirror.com/packages/available-typed-arrays/1.0.7/available-typed-arrays-1.0.7.tgz 2546ms (cache miss)
1273 http fetch GET 200 https://cdn.npmmirror.com/packages/eslint-scope/7.2.2/eslint-scope-7.2.2.tgz 2560ms (cache miss)
1274 http cache https://cdn.npmmirror.com/packages/string-width/4.2.3/string-width-4.2.3.tgz 2537ms (cache hit)
1275 http fetch GET 200 https://cdn.npmmirror.com/packages/has-symbols/1.1.0/has-symbols-1.1.0.tgz 2567ms (cache miss)
1276 http fetch GET 200 https://cdn.npmmirror.com/packages/browserslist/4.24.4/browserslist-4.24.4.tgz 2555ms (cache miss)
1277 http fetch GET 200 https://cdn.npmmirror.com/packages/globalthis/1.0.4/globalthis-1.0.4.tgz 2575ms (cache miss)
1278 http fetch GET 200 https://cdn.npmmirror.com/packages/electron-to-chromium/1.5.114/electron-to-chromium-1.5.114.tgz 2573ms (cache miss)
1279 http fetch GET 200 https://cdn.npmmirror.com/packages/%40alloc/quick-lru/5.2.0/quick-lru-5.2.0.tgz 2561ms (cache miss)
1280 http fetch GET 200 https://cdn.npmmirror.com/packages/strip-ansi/7.1.0/strip-ansi-7.1.0.tgz 2566ms (cache miss)
1281 http fetch GET 200 https://cdn.npmmirror.com/packages/emoji-regex/8.0.0/emoji-regex-8.0.0.tgz 2568ms (cache miss)
1282 http fetch GET 200 https://cdn.npmmirror.com/packages/dunder-proto/1.0.1/dunder-proto-1.0.1.tgz 2587ms (cache miss)
1283 http fetch GET 200 https://cdn.npmmirror.com/packages/zod/3.21.4/zod-3.21.4.tgz 2650ms (cache miss)
1284 http fetch GET 200 https://cdn.npmmirror.com/packages/react-is/18.3.1/react-is-18.3.1.tgz 2582ms (cache miss)
1285 http fetch GET 200 https://cdn.npmmirror.com/packages/ansi-styles/6.2.1/ansi-styles-6.2.1.tgz 2583ms (cache miss)
1286 http fetch GET 200 https://cdn.npmmirror.com/packages/%40emotion/hash/0.8.0/hash-0.8.0.tgz 2594ms (cache miss)
1287 http fetch GET 200 https://cdn.npmmirror.com/packages/%40ant-design/fast-color/2.0.6/fast-color-2.0.6.tgz 2595ms (cache miss)
1288 http fetch GET 200 https://cdn.npmmirror.com/packages/glob-parent/5.1.2/glob-parent-5.1.2.tgz 2602ms (cache miss)
1289 http fetch GET 200 https://cdn.npmmirror.com/packages/brace-expansion/2.0.1/brace-expansion-2.0.1.tgz 2603ms (cache miss)
1290 http fetch GET 200 https://cdn.npmmirror.com/packages/rc-collapse/3.7.3/rc-collapse-3.7.3.tgz 2655ms (cache miss)
1291 http fetch GET 200 https://cdn.npmmirror.com/packages/ansi-regex/6.1.0/ansi-regex-6.1.0.tgz 2632ms (cache miss)
1292 http fetch GET 200 https://cdn.npmmirror.com/packages/minimist/1.2.8/minimist-1.2.8.tgz 2671ms (cache miss)
1293 http fetch GET 200 https://cdn.npmmirror.com/packages/ansi-regex/6.1.0/ansi-regex-6.1.0.tgz 2641ms (cache miss)
1294 http fetch GET 200 https://cdn.npmmirror.com/packages/es-object-atoms/1.1.1/es-object-atoms-1.1.1.tgz 2668ms (cache miss)
1295 http fetch GET 200 https://cdn.npmmirror.com/packages/emoji-regex/9.2.2/emoji-regex-9.2.2.tgz 2669ms (cache miss)
1296 http fetch GET 200 https://cdn.npmmirror.com/packages/semver/7.7.1/semver-7.7.1.tgz 2712ms (cache miss)
1297 http fetch GET 200 https://cdn.npmmirror.com/packages/brace-expansion/2.0.1/brace-expansion-2.0.1.tgz 2658ms (cache miss)
1298 http fetch GET 200 https://cdn.npmmirror.com/packages/glob-parent/5.1.2/glob-parent-5.1.2.tgz 2665ms (cache miss)
1299 warn deprecated @humanwhocodes/object-schema@2.0.3: Use @eslint/object-schema instead
1300 http fetch GET 200 https://cdn.npmmirror.com/packages/function.prototype.name/1.1.8/function.prototype.name-1.1.8.tgz 2705ms (cache miss)
1301 http fetch GET 200 https://cdn.npmmirror.com/packages/ansi-regex/6.1.0/ansi-regex-6.1.0.tgz 2675ms (cache miss)
1302 http fetch GET 200 https://cdn.npmmirror.com/packages/lilconfig/3.1.3/lilconfig-3.1.3.tgz 2688ms (cache miss)
1303 http fetch GET 200 https://cdn.npmmirror.com/packages/rc-notification/5.1.1/rc-notification-5.1.1.tgz 2760ms (cache miss)
1304 http fetch GET 200 https://cdn.npmmirror.com/packages/semver/6.3.1/semver-6.3.1.tgz 2711ms (cache miss)
1305 http fetch GET 200 https://cdn.npmmirror.com/packages/strip-ansi/7.1.0/strip-ansi-7.1.0.tgz 2710ms (cache miss)
1306 http fetch GET 200 https://cdn.npmmirror.com/packages/%40humanwhocodes/module-importer/1.0.1/module-importer-1.0.1.tgz 2722ms (cache miss)
1307 http fetch GET 200 https://cdn.npmmirror.com/packages/nanoid/3.3.9/nanoid-3.3.9.tgz 2760ms (cache miss)
1308 http fetch GET 200 https://cdn.npmmirror.com/packages/semver/6.3.1/semver-6.3.1.tgz 2734ms (cache miss)
1309 http fetch GET 200 https://cdn.npmmirror.com/packages/emoji-regex/8.0.0/emoji-regex-8.0.0.tgz 2743ms (cache miss)
1310 http fetch GET 200 https://cdn.npmmirror.com/packages/array.prototype.flatmap/1.3.3/array.prototype.flatmap-1.3.3.tgz 2783ms (cache miss)
1311 http fetch GET 200 https://cdn.npmmirror.com/packages/jackspeak/3.4.3/jackspeak-3.4.3.tgz 2810ms (cache miss)
1312 http fetch GET 200 https://cdn.npmmirror.com/packages/%40emotion/unitless/0.7.5/unitless-0.7.5.tgz 2788ms (cache miss)
1313 http fetch GET 200 https://cdn.npmmirror.com/packages/%40typescript-eslint/visitor-keys/6.21.0/visitor-keys-6.21.0.tgz 2802ms (cache miss)
1314 http fetch GET 200 https://cdn.npmmirror.com/packages/%40jridgewell/sourcemap-codec/1.5.0/sourcemap-codec-1.5.0.tgz 2811ms (cache miss)
1315 http fetch GET 200 https://cdn.npmmirror.com/packages/debug/3.2.7/debug-3.2.7.tgz 2808ms (cache miss)
1316 http fetch GET 200 https://cdn.npmmirror.com/packages/picomatch/4.0.2/picomatch-4.0.2.tgz 2830ms (cache miss)
1317 http fetch GET 200 https://cdn.npmmirror.com/packages/es-errors/1.3.0/es-errors-1.3.0.tgz 2853ms (cache miss)
1318 http fetch GET 200 https://cdn.npmmirror.com/packages/eslint-import-resolver-typescript/3.8.3/eslint-import-resolver-typescript-3.8.3.tgz 2832ms (cache miss)
1319 http fetch GET 200 https://cdn.npmmirror.com/packages/debug/3.2.7/debug-3.2.7.tgz 2836ms (cache miss)
1320 http fetch GET 200 https://cdn.npmmirror.com/packages/doctrine/2.1.0/doctrine-2.1.0.tgz 2837ms (cache miss)
1321 http fetch GET 200 https://cdn.npmmirror.com/packages/debug/3.2.7/debug-3.2.7.tgz 2837ms (cache miss)
1322 http fetch GET 200 https://cdn.npmmirror.com/packages/call-bind-apply-helpers/1.0.2/call-bind-apply-helpers-1.0.2.tgz 2859ms (cache miss)
1323 http fetch GET 200 https://cdn.npmmirror.com/packages/doctrine/2.1.0/doctrine-2.1.0.tgz 2858ms (cache miss)
1324 http fetch GET 200 https://cdn.npmmirror.com/packages/lru-cache/10.4.3/lru-cache-10.4.3.tgz 2903ms (cache miss)
1325 http fetch GET 200 https://cdn.npmmirror.com/packages/%40eslint-community/eslint-utils/4.4.1/eslint-utils-4.4.1.tgz 2882ms (cache miss)
1326 http fetch GET 200 https://cdn.npmmirror.com/packages/acorn/8.14.1/acorn-8.14.1.tgz 2894ms (cache miss)
1327 http fetch GET 200 https://cdn.npmmirror.com/packages/%40eslint-community/regexpp/4.12.1/regexpp-4.12.1.tgz 2895ms (cache miss)
1328 http fetch GET 200 https://cdn.npmmirror.com/packages/%40pkgjs/parseargs/0.11.0/parseargs-0.11.0.tgz 2900ms (cache miss)
1329 http fetch GET 200 https://cdn.npmmirror.com/packages/busboy/1.6.0/busboy-1.6.0.tgz 2943ms (cache miss)
1330 http fetch GET 200 https://cdn.npmmirror.com/packages/csstype/3.1.3/csstype-3.1.3.tgz 2948ms (cache miss)
1331 http fetch GET 200 https://cdn.npmmirror.com/packages/object-inspect/1.13.4/object-inspect-1.13.4.tgz 2978ms (cache miss)
1332 http fetch GET 200 https://cdn.npmmirror.com/packages/%40jridgewell/trace-mapping/0.3.25/trace-mapping-0.3.25.tgz 2946ms (cache miss)
1333 http fetch GET 200 https://cdn.npmmirror.com/packages/postcss-selector-parser/6.1.2/postcss-selector-parser-6.1.2.tgz 2997ms (cache miss)
1334 http fetch GET 200 https://cdn.npmmirror.com/packages/esquery/1.6.0/esquery-1.6.0.tgz 2981ms (cache miss)
1335 http fetch GET 200 https://cdn.npmmirror.com/packages/graphemer/1.4.0/graphemer-1.4.0.tgz 2987ms (cache miss)
1336 http fetch GET 200 https://cdn.npmmirror.com/packages/math-intrinsics/1.1.0/math-intrinsics-1.1.0.tgz 3032ms (cache miss)
1337 http fetch GET 200 https://cdn.npmmirror.com/packages/%40typescript-eslint/types/6.21.0/types-6.21.0.tgz 3023ms (cache miss)
1338 http fetch GET 200 https://cdn.npmmirror.com/packages/eslint-module-utils/2.12.0/eslint-module-utils-2.12.0.tgz 3074ms (cache miss)
1339 http fetch GET 200 https://cdn.npmmirror.com/packages/language-subtag-registry/0.3.23/language-subtag-registry-0.3.23.tgz 3101ms (cache miss)
1340 http fetch GET 200 https://cdn.npmmirror.com/packages/%40nodelib/fs.walk/1.2.8/fs.walk-1.2.8.tgz 3079ms (cache miss)
1341 http fetch GET 200 https://cdn.npmmirror.com/packages/js-yaml/4.1.0/js-yaml-4.1.0.tgz 3129ms (cache miss)
1342 http fetch GET 200 https://cdn.npmmirror.com/packages/any-promise/1.3.0/any-promise-1.3.0.tgz 3141ms (cache miss)
1343 http fetch GET 200 https://cdn.npmmirror.com/packages/%40ant-design/colors/7.2.0/colors-7.2.0.tgz 3141ms (cache miss)
1344 http fetch GET 200 https://cdn.npmmirror.com/packages/tsconfig-paths/3.15.0/tsconfig-paths-3.15.0.tgz 3208ms (cache miss)
1345 http fetch GET 200 https://cdn.npmmirror.com/packages/%40next/eslint-plugin-next/13.4.19/eslint-plugin-next-13.4.19.tgz 3150ms (cache miss)
1346 http fetch GET 200 https://cdn.npmmirror.com/packages/jiti/1.21.7/jiti-1.21.7.tgz 3241ms (cache miss)
1347 http fetch GET 200 https://cdn.npmmirror.com/packages/rc-motion/2.9.5/rc-motion-2.9.5.tgz 3271ms (cache miss)
1348 http fetch GET 200 https://cdn.npmmirror.com/packages/%40types/react/19.0.10/react-19.0.10.tgz 3230ms (cache miss)
1349 http fetch GET 200 https://cdn.npmmirror.com/packages/async-validator/4.2.5/async-validator-4.2.5.tgz 3245ms (cache miss)
1350 http fetch GET 200 https://cdn.npmmirror.com/packages/%40rc-component/tour/1.8.1/tour-1.8.1.tgz 3245ms (cache miss)
1351 http fetch GET 200 https://cdn.npmmirror.com/packages/postcss/8.4.29/postcss-8.4.29.tgz 3323ms (cache miss)
1352 http fetch GET 200 https://cdn.npmmirror.com/packages/%40eslint/eslintrc/2.1.4/eslintrc-2.1.4.tgz 3309ms (cache miss)
1353 http fetch GET 200 https://cdn.npmmirror.com/packages/rc-slider/10.2.1/rc-slider-10.2.1.tgz 3368ms (cache miss)
1354 http fetch GET 200 https://cdn.npmmirror.com/packages/rc-tree/5.7.12/rc-tree-5.7.12.tgz 3376ms (cache miss)
1355 http fetch GET 200 https://cdn.npmmirror.com/packages/%40ant-design/react-slick/1.0.2/react-slick-1.0.2.tgz 3327ms (cache miss)
1356 http fetch GET 200 https://cdn.npmmirror.com/packages/enhanced-resolve/5.18.1/enhanced-resolve-5.18.1.tgz 3362ms (cache miss)
1357 http fetch GET 200 https://cdn.npmmirror.com/packages/rc-image/7.1.3/rc-image-7.1.3.tgz 3417ms (cache miss)
1358 http fetch GET 200 https://cdn.npmmirror.com/packages/%40ctrl/tinycolor/3.6.1/tinycolor-3.6.1.tgz 3374ms (cache miss)
1359 http fetch GET 200 https://cdn.npmmirror.com/packages/fdir/6.4.3/fdir-6.4.3.tgz 3407ms (cache miss)
1360 http fetch GET 200 https://cdn.npmmirror.com/packages/fast-glob/3.3.3/fast-glob-3.3.3.tgz 3456ms (cache miss)
1361 http fetch GET 200 https://cdn.npmmirror.com/packages/rc-tree-select/5.11.2/rc-tree-select-5.11.2.tgz 3486ms (cache miss)
1362 http fetch GET 200 https://cdn.npmmirror.com/packages/rc-virtual-list/3.18.4/rc-virtual-list-3.18.4.tgz 3515ms (cache miss)
1363 http fetch GET 200 https://cdn.npmmirror.com/packages/rc-field-form/1.36.2/rc-field-form-1.36.2.tgz 3538ms (cache miss)
1364 http fetch GET 200 https://cdn.npmmirror.com/packages/rc-tabs/12.9.0/rc-tabs-12.9.0.tgz 3551ms (cache miss)
1365 http fetch GET 200 https://cdn.npmmirror.com/packages/rc-cascader/3.14.1/rc-cascader-3.14.1.tgz 3578ms (cache miss)
1366 http fetch GET 200 https://cdn.npmmirror.com/packages/react-dom/18.2.0/react-dom-18.2.0.tgz 3619ms (cache miss)
1367 http fetch GET 200 https://cdn.npmmirror.com/packages/postcss/8.4.14/postcss-8.4.14.tgz 3567ms (cache miss)
1368 http fetch GET 200 https://cdn.npmmirror.com/packages/minimatch/9.0.5/minimatch-9.0.5.tgz 3588ms (cache miss)
1369 http fetch GET 200 https://cdn.npmmirror.com/packages/%40rc-component/trigger/1.18.3/trigger-1.18.3.tgz 3608ms (cache miss)
1370 http fetch GET 200 https://cdn.npmmirror.com/packages/minimatch/9.0.3/minimatch-9.0.3.tgz 3600ms (cache miss)
1371 http fetch GET 200 https://cdn.npmmirror.com/packages/axe-core/4.10.3/axe-core-4.10.3.tgz 3628ms (cache miss)
1372 http fetch GET 200 https://cdn.npmmirror.com/packages/glob/10.4.5/glob-10.4.5.tgz 3691ms (cache miss)
1373 http fetch GET 200 https://cdn.npmmirror.com/packages/resolve/1.22.10/resolve-1.22.10.tgz 3780ms (cache miss)
1374 http fetch GET 200 https://cdn.npmmirror.com/packages/autoprefixer/10.4.15/autoprefixer-10.4.15.tgz 3744ms (cache miss)
1375 http fetch GET 200 https://cdn.npmmirror.com/packages/%40rushstack/eslint-patch/1.10.5/eslint-patch-1.10.5.tgz 3804ms (cache miss)
1376 http fetch GET 200 https://cdn.npmmirror.com/packages/jsx-ast-utils/3.3.5/jsx-ast-utils-3.3.5.tgz 3887ms (cache miss)
1377 http fetch GET 200 https://cdn.npmmirror.com/packages/rc-menu/9.10.0/rc-menu-9.10.0.tgz 3911ms (cache miss)
1378 http fetch GET 200 https://cdn.npmmirror.com/packages/ajv/6.12.6/ajv-6.12.6.tgz 3922ms (cache miss)
1379 http fetch GET 200 https://cdn.npmmirror.com/packages/%40types/node/22.13.10/node-22.13.10.tgz 3921ms (cache miss)
1380 http fetch GET 200 https://cdn.npmmirror.com/packages/rc-select/14.7.4/rc-select-14.7.4.tgz 3978ms (cache miss)
1381 http fetch GET 200 https://cdn.npmmirror.com/packages/resolve/2.0.0-next.5/resolve-2.0.0-next.5.tgz 4017ms (cache miss)
1382 http fetch GET 200 https://cdn.npmmirror.com/packages/axobject-query/4.1.0/axobject-query-4.1.0.tgz 4067ms (cache miss)
1383 http fetch GET 200 https://cdn.npmmirror.com/packages/es-iterator-helpers/1.2.1/es-iterator-helpers-1.2.1.tgz 4117ms (cache miss)
1384 http fetch GET 200 https://cdn.npmmirror.com/packages/rc-table/7.32.3/rc-table-7.32.3.tgz 4209ms (cache miss)
1385 http fetch GET 200 https://cdn.npmmirror.com/packages/eslint-plugin-import/2.31.0/eslint-plugin-import-2.31.0.tgz 4187ms (cache miss)
1386 http fetch GET 200 https://cdn.npmmirror.com/packages/aria-query/5.3.2/aria-query-5.3.2.tgz 4231ms (cache miss)
1387 http fetch GET 200 https://cdn.npmmirror.com/packages/%40typescript-eslint/typescript-estree/6.21.0/typescript-estree-6.21.0.tgz 4240ms (cache miss)
1388 http fetch GET 200 https://cdn.npmmirror.com/packages/rc-util/5.44.4/rc-util-5.44.4.tgz 4284ms (cache miss)
1389 http fetch GET 200 https://cdn.npmmirror.com/packages/%40ant-design/cssinjs/1.23.0/cssinjs-1.23.0.tgz 4234ms (cache miss)
1390 http fetch GET 200 https://cdn.npmmirror.com/packages/sucrase/3.35.0/sucrase-3.35.0.tgz 4341ms (cache miss)
1391 http fetch GET 200 https://cdn.npmmirror.com/packages/yaml/2.7.0/yaml-2.7.0.tgz 4531ms (cache miss)
1392 http fetch GET 200 https://cdn.npmmirror.com/packages/eslint-plugin-jsx-a11y/6.10.2/eslint-plugin-jsx-a11y-6.10.2.tgz 4611ms (cache miss)
1393 http fetch GET 200 https://cdn.npmmirror.com/packages/%40babel/runtime/7.26.9/runtime-7.26.9.tgz 4594ms (cache miss)
1394 http fetch GET 200 https://cdn.npmmirror.com/packages/rc-pagination/3.6.1/rc-pagination-3.6.1.tgz 4836ms (cache miss)
1395 http fetch GET 200 https://cdn.npmmirror.com/packages/swiper/10.2.0/swiper-10.2.0.tgz 4944ms (cache miss)
1396 http fetch GET 200 https://cdn.npmmirror.com/packages/tailwindcss/3.3.3/tailwindcss-3.3.3.tgz 4977ms (cache miss)
1397 http fetch GET 200 https://cdn.npmmirror.com/packages/framer-motion/10.16.4/framer-motion-10.16.4.tgz 5120ms (cache miss)
1398 http fetch GET 200 https://cdn.npmmirror.com/packages/eslint-plugin-react/7.37.4/eslint-plugin-react-7.37.4.tgz 5187ms (cache miss)
1399 http fetch GET 200 https://cdn.npmmirror.com/packages/typescript/5.8.2/typescript-5.8.2.tgz 5351ms (cache miss)
1400 http fetch GET 200 https://cdn.npmmirror.com/packages/eslint/8.49.0/eslint-8.49.0.tgz 5317ms (cache miss)
1401 warn deprecated eslint@8.49.0: This version is no longer supported. Please see https://eslint.org/version-support for other options.
1402 http fetch GET 200 https://cdn.npmmirror.com/packages/dayjs/1.11.13/dayjs-1.11.13.tgz 5363ms (cache miss)
1403 http fetch GET 200 https://cdn.npmmirror.com/packages/rc-picker/3.13.2/rc-picker-3.13.2.tgz 5463ms (cache miss)
1404 http fetch GET 200 https://cdn.npmmirror.com/packages/%40swc/helpers/0.5.1/helpers-0.5.1.tgz 5488ms (cache miss)
1405 http fetch GET 200 https://cdn.npmmirror.com/packages/%40typescript-eslint/scope-manager/6.21.0/scope-manager-6.21.0.tgz 5555ms (cache miss)
1406 http fetch GET 200 https://cdn.npmmirror.com/packages/caniuse-lite/1.0.30001703/caniuse-lite-1.0.30001703.tgz 6007ms (cache miss)
1407 http fetch GET 200 https://cdn.npmmirror.com/packages/es-abstract/1.23.9/es-abstract-1.23.9.tgz 7778ms (cache miss)
1408 http fetch GET 200 https://cdn.npmmirror.com/packages/%40next/swc-win32-x64-msvc/13.4.19/swc-win32-x64-msvc-13.4.19.tgz 8352ms (cache miss)
1409 http fetch GET 200 https://cdn.npmmirror.com/packages/antd/5.8.6/antd-5.8.6.tgz 9954ms (cache miss)
1410 http fetch GET 200 https://cdn.npmmirror.com/packages/%40ant-design/icons/5.6.1/icons-5.6.1.tgz 10293ms (cache miss)
1411 http fetch GET 200 https://cdn.npmmirror.com/packages/%40ant-design/icons-svg/4.4.2/icons-svg-4.4.2.tgz 10927ms (cache miss)
1412 http fetch GET 200 https://cdn.npmmirror.com/packages/next/13.4.19/next-13.4.19.tgz 12634ms (cache miss)
1413 silly ADD node_modules/zod
1414 silly ADD node_modules/yocto-queue
1415 silly ADD node_modules/yaml
1416 silly ADD node_modules/wrappy
1417 silly ADD node_modules/wrap-ansi-cjs
1418 silly ADD node_modules/wrap-ansi-cjs/node_modules/string-width
1419 silly ADD node_modules/wrap-ansi-cjs/node_modules/emoji-regex
1420 silly ADD node_modules/wrap-ansi
1421 silly ADD node_modules/wrap-ansi/node_modules/strip-ansi
1422 silly ADD node_modules/wrap-ansi/node_modules/ansi-styles
1423 silly ADD node_modules/wrap-ansi/node_modules/ansi-regex
1424 silly ADD node_modules/word-wrap
1425 silly ADD node_modules/which-typed-array
1426 silly ADD node_modules/which-collection
1427 silly ADD node_modules/which-builtin-type
1428 silly ADD node_modules/which-boxed-primitive
1429 silly ADD node_modules/which
1430 silly ADD node_modules/watchpack
1431 silly ADD node_modules/util-deprecate
1432 silly ADD node_modules/uri-js
1433 silly ADD node_modules/update-browserslist-db
1434 silly ADD node_modules/undici-types
1435 silly ADD node_modules/unbox-primitive
1436 silly ADD node_modules/typescript
1437 silly ADD node_modules/typed-array-length
1438 silly ADD node_modules/typed-array-byte-offset
1439 silly ADD node_modules/typed-array-byte-length
1440 silly ADD node_modules/typed-array-buffer
1441 silly ADD node_modules/type-fest
1442 silly ADD node_modules/type-check
1443 silly ADD node_modules/tslib
1444 silly ADD node_modules/tsconfig-paths
1445 silly ADD node_modules/ts-interface-checker
1446 silly ADD node_modules/ts-api-utils
1447 silly ADD node_modules/toggle-selection
1448 silly ADD node_modules/to-regex-range
1449 silly ADD node_modules/tinyglobby
1450 silly ADD node_modules/tinyglobby/node_modules/picomatch
1451 silly ADD node_modules/tinyglobby/node_modules/fdir
1452 silly ADD node_modules/throttle-debounce
1453 silly ADD node_modules/thenify-all
1454 silly ADD node_modules/thenify
1455 silly ADD node_modules/text-table
1456 silly ADD node_modules/tapable
1457 silly ADD node_modules/tailwindcss
1458 silly ADD node_modules/swiper
1459 silly ADD node_modules/supports-preserve-symlinks-flag
1460 silly ADD node_modules/supports-color
1461 silly ADD node_modules/sucrase
1462 silly ADD node_modules/sucrase/node_modules/minimatch
1463 silly ADD node_modules/sucrase/node_modules/glob
1464 silly ADD node_modules/sucrase/node_modules/brace-expansion
1465 silly ADD node_modules/stylis
1466 silly ADD node_modules/styled-jsx
1467 silly ADD node_modules/strip-json-comments
1468 silly ADD node_modules/strip-bom
1469 silly ADD node_modules/strip-ansi-cjs
1470 silly ADD node_modules/strip-ansi
1471 silly ADD node_modules/string.prototype.trimstart
1472 silly ADD node_modules/string.prototype.trimend
1473 silly ADD node_modules/string.prototype.trim
1474 silly ADD node_modules/string.prototype.repeat
1475 silly ADD node_modules/string.prototype.matchall
1476 silly ADD node_modules/string.prototype.includes
1477 silly ADD node_modules/string-width-cjs
1478 silly ADD node_modules/string-width-cjs/node_modules/emoji-regex
1479 silly ADD node_modules/string-width
1480 silly ADD node_modules/string-width/node_modules/strip-ansi
1481 silly ADD node_modules/string-width/node_modules/ansi-regex
1482 silly ADD node_modules/string-convert
1483 silly ADD node_modules/streamsearch
1484 silly ADD node_modules/stable-hash
1485 silly ADD node_modules/source-map-js
1486 silly ADD node_modules/slash
1487 silly ADD node_modules/signal-exit
1488 silly ADD node_modules/side-channel-weakmap
1489 silly ADD node_modules/side-channel-map
1490 silly ADD node_modules/side-channel-list
1491 silly ADD node_modules/side-channel
1492 silly ADD node_modules/shebang-regex
1493 silly ADD node_modules/shebang-command
1494 silly ADD node_modules/set-proto
1495 silly ADD node_modules/set-function-name
1496 silly ADD node_modules/set-function-length
1497 silly ADD node_modules/semver
1498 silly ADD node_modules/scroll-into-view-if-needed
1499 silly ADD node_modules/scheduler
1500 silly ADD node_modules/safe-regex-test
1501 silly ADD node_modules/safe-push-apply
1502 silly ADD node_modules/safe-array-concat
1503 silly ADD node_modules/run-parallel
1504 silly ADD node_modules/rimraf
1505 silly ADD node_modules/reusify
1506 silly ADD node_modules/resolve-pkg-maps
1507 silly ADD node_modules/resolve-from
1508 silly ADD node_modules/resolve
1509 silly ADD node_modules/resize-observer-polyfill
1510 silly ADD node_modules/regexp.prototype.flags
1511 silly ADD node_modules/regenerator-runtime
1512 silly ADD node_modules/reflect.getprototypeof
1513 silly ADD node_modules/readdirp
1514 silly ADD node_modules/read-cache
1515 silly ADD node_modules/react-swipeable
1516 silly ADD node_modules/react-is
1517 silly ADD node_modules/react-dom
1518 silly ADD node_modules/react
1519 silly ADD node_modules/rc-virtual-list
1520 silly ADD node_modules/rc-util
1521 silly ADD node_modules/rc-util/node_modules/react-is
1522 silly ADD node_modules/rc-upload
1523 silly ADD node_modules/rc-tree-select
1524 silly ADD node_modules/rc-tree
1525 silly ADD node_modules/rc-tooltip
1526 silly ADD node_modules/rc-textarea
1527 silly ADD node_modules/rc-tabs
1528 silly ADD node_modules/rc-table
1529 silly ADD node_modules/rc-switch
1530 silly ADD node_modules/rc-steps
1531 silly ADD node_modules/rc-slider
1532 silly ADD node_modules/rc-select
1533 silly ADD node_modules/rc-segmented
1534 silly ADD node_modules/rc-resize-observer
1535 silly ADD node_modules/rc-rate
1536 silly ADD node_modules/rc-progress
1537 silly ADD node_modules/rc-picker
1538 silly ADD node_modules/rc-pagination
1539 silly ADD node_modules/rc-overflow
1540 silly ADD node_modules/rc-notification
1541 silly ADD node_modules/rc-motion
1542 silly ADD node_modules/rc-menu
1543 silly ADD node_modules/rc-mentions
1544 silly ADD node_modules/rc-input-number
1545 silly ADD node_modules/rc-input
1546 silly ADD node_modules/rc-image
1547 silly ADD node_modules/rc-field-form
1548 silly ADD node_modules/rc-dropdown
1549 silly ADD node_modules/rc-drawer
1550 silly ADD node_modules/rc-dialog
1551 silly ADD node_modules/rc-collapse
1552 silly ADD node_modules/rc-checkbox
1553 silly ADD node_modules/rc-cascader
1554 silly ADD node_modules/queue-microtask
1555 silly ADD node_modules/qrcode.react
1556 silly ADD node_modules/punycode
1557 silly ADD node_modules/prop-types
1558 silly ADD node_modules/prelude-ls
1559 silly ADD node_modules/postcss-value-parser
1560 silly ADD node_modules/postcss-selector-parser
1561 silly ADD node_modules/postcss-nested
1562 silly ADD node_modules/postcss-load-config
1563 silly ADD node_modules/postcss-load-config/node_modules/lilconfig
1564 silly ADD node_modules/postcss-js
1565 silly ADD node_modules/postcss-import
1566 silly ADD node_modules/postcss
1567 silly ADD node_modules/possible-typed-array-names
1568 silly ADD node_modules/pirates
1569 silly ADD node_modules/pify
1570 silly ADD node_modules/picomatch
1571 silly ADD node_modules/picocolors
1572 silly ADD node_modules/path-type
1573 silly ADD node_modules/path-scurry
1574 silly ADD node_modules/path-parse
1575 silly ADD node_modules/path-key
1576 silly ADD node_modules/path-is-absolute
1577 silly ADD node_modules/path-exists
1578 silly ADD node_modules/parent-module
1579 silly ADD node_modules/package-json-from-dist
1580 silly ADD node_modules/p-locate
1581 silly ADD node_modules/p-limit
1582 silly ADD node_modules/own-keys
1583 silly ADD node_modules/optionator
1584 silly ADD node_modules/once
1585 silly ADD node_modules/object.values
1586 silly ADD node_modules/object.groupby
1587 silly ADD node_modules/object.fromentries
1588 silly ADD node_modules/object.entries
1589 silly ADD node_modules/object.assign
1590 silly ADD node_modules/object-keys
1591 silly ADD node_modules/object-inspect
1592 silly ADD node_modules/object-hash
1593 silly ADD node_modules/object-assign
1594 silly ADD node_modules/nprogress
1595 silly ADD node_modules/normalize-range
1596 silly ADD node_modules/normalize-path
1597 silly ADD node_modules/node-releases
1598 silly ADD node_modules/next
1599 silly ADD node_modules/next/node_modules/postcss
1600 silly ADD node_modules/natural-compare
1601 silly ADD node_modules/nanoid
1602 silly ADD node_modules/mz
1603 silly ADD node_modules/ms
1604 silly ADD node_modules/minipass
1605 silly ADD node_modules/minimist
1606 silly ADD node_modules/minimatch
1607 silly ADD node_modules/micromatch
1608 silly ADD node_modules/merge2
1609 silly ADD node_modules/math-intrinsics
1610 silly ADD node_modules/lru-cache
1611 silly ADD node_modules/loose-envify
1612 silly ADD node_modules/lodash.merge
1613 silly ADD node_modules/locate-path
1614 silly ADD node_modules/lines-and-columns
1615 silly ADD node_modules/lilconfig
1616 silly ADD node_modules/levn
1617 silly ADD node_modules/language-tags
1618 silly ADD node_modules/language-subtag-registry
1619 silly ADD node_modules/keyv
1620 silly ADD node_modules/jsx-ast-utils
1621 silly ADD node_modules/json5
1622 silly ADD node_modules/json2mq
1623 silly ADD node_modules/json-stable-stringify-without-jsonify
1624 silly ADD node_modules/json-schema-traverse
1625 silly ADD node_modules/json-buffer
1626 silly ADD node_modules/js-yaml
1627 silly ADD node_modules/js-tokens
1628 silly ADD node_modules/jiti
1629 silly ADD node_modules/jackspeak
1630 silly ADD node_modules/iterator.prototype
1631 silly ADD node_modules/isexe
1632 silly ADD node_modules/isarray
1633 silly ADD node_modules/is-weakset
1634 silly ADD node_modules/is-weakref
1635 silly ADD node_modules/is-weakmap
1636 silly ADD node_modules/is-typed-array
1637 silly ADD node_modules/is-symbol
1638 silly ADD node_modules/is-string
1639 silly ADD node_modules/is-shared-array-buffer
1640 silly ADD node_modules/is-set
1641 silly ADD node_modules/is-regex
1642 silly ADD node_modules/is-path-inside
1643 silly ADD node_modules/is-number-object
1644 silly ADD node_modules/is-number
1645 silly ADD node_modules/is-map
1646 silly ADD node_modules/is-glob
1647 silly ADD node_modules/is-generator-function
1648 silly ADD node_modules/is-fullwidth-code-point
1649 silly ADD node_modules/is-finalizationregistry
1650 silly ADD node_modules/is-extglob
1651 silly ADD node_modules/is-date-object
1652 silly ADD node_modules/is-data-view
1653 silly ADD node_modules/is-core-module
1654 silly ADD node_modules/is-callable
1655 silly ADD node_modules/is-bun-module
1656 silly ADD node_modules/is-boolean-object
1657 silly ADD node_modules/is-binary-path
1658 silly ADD node_modules/is-bigint
1659 silly ADD node_modules/is-async-function
1660 silly ADD node_modules/is-array-buffer
1661 silly ADD node_modules/internal-slot
1662 silly ADD node_modules/inherits
1663 silly ADD node_modules/inflight
1664 silly ADD node_modules/imurmurhash
1665 silly ADD node_modules/import-fresh
1666 silly ADD node_modules/ignore
1667 silly ADD node_modules/hasown
1668 silly ADD node_modules/has-tostringtag
1669 silly ADD node_modules/has-symbols
1670 silly ADD node_modules/has-proto
1671 silly ADD node_modules/has-property-descriptors
1672 silly ADD node_modules/has-flag
1673 silly ADD node_modules/has-bigints
1674 silly ADD node_modules/graphemer
1675 silly ADD node_modules/graceful-fs
1676 silly ADD node_modules/gopd
1677 silly ADD node_modules/globby
1678 silly ADD node_modules/globalthis
1679 silly ADD node_modules/globals
1680 silly ADD node_modules/glob-to-regexp
1681 silly ADD node_modules/glob-parent
1682 silly ADD node_modules/glob
1683 silly ADD node_modules/get-tsconfig
1684 silly ADD node_modules/get-symbol-description
1685 silly ADD node_modules/get-proto
1686 silly ADD node_modules/get-intrinsic
1687 silly ADD node_modules/functions-have-names
1688 silly ADD node_modules/function.prototype.name
1689 silly ADD node_modules/function-bind
1690 silly ADD
1691 silly ADD node_modules/fs.realpath
1692 silly ADD node_modules/framer-motion
1693 silly ADD node_modules/fraction.js
1694 silly ADD node_modules/foreground-child
1695 silly ADD node_modules/for-each
1696 silly ADD node_modules/flatted
1697 silly ADD node_modules/flat-cache
1698 silly ADD node_modules/find-up
1699 silly ADD node_modules/fill-range
1700 silly ADD node_modules/file-entry-cache
1701 silly ADD node_modules/fastq
1702 silly ADD node_modules/fast-levenshtein
1703 silly ADD node_modules/fast-json-stable-stringify
1704 silly ADD node_modules/fast-glob
1705 silly ADD node_modules/fast-glob/node_modules/glob-parent
1706 silly ADD node_modules/fast-deep-equal
1707 silly ADD node_modules/esutils
1708 silly ADD node_modules/estraverse
1709 silly ADD node_modules/esrecurse
1710 silly ADD node_modules/esquery
1711 silly ADD node_modules/espree
1712 silly ADD node_modules/eslint-visitor-keys
1713 silly ADD node_modules/eslint-scope
1714 silly ADD node_modules/eslint-plugin-react-hooks
1715 silly ADD node_modules/eslint-plugin-react
1716 silly ADD node_modules/eslint-plugin-react/node_modules/semver
1717 silly ADD node_modules/eslint-plugin-react/node_modules/resolve
1718 silly ADD node_modules/eslint-plugin-react/node_modules/doctrine
1719 silly ADD node_modules/eslint-plugin-jsx-a11y
1720 silly ADD node_modules/eslint-plugin-import
1721 silly ADD node_modules/eslint-plugin-import/node_modules/semver
1722 silly ADD node_modules/eslint-plugin-import/node_modules/doctrine
1723 silly ADD node_modules/eslint-plugin-import/node_modules/debug
1724 silly ADD node_modules/eslint-module-utils
1725 silly ADD node_modules/eslint-module-utils/node_modules/debug
1726 silly ADD node_modules/eslint-import-resolver-node
1727 silly ADD node_modules/eslint-import-resolver-node/node_modules/debug
1728 silly ADD node_modules/eslint-config-next
1729 silly ADD node_modules/eslint-config-next/node_modules/eslint-import-resolver-typescript
1730 silly ADD node_modules/eslint
1731 silly ADD node_modules/escape-string-regexp
1732 silly ADD node_modules/escalade
1733 silly ADD node_modules/es-to-primitive
1734 silly ADD node_modules/es-shim-unscopables
1735 silly ADD node_modules/es-set-tostringtag
1736 silly ADD node_modules/es-object-atoms
1737 silly ADD node_modules/es-iterator-helpers
1738 silly ADD node_modules/es-errors
1739 silly ADD node_modules/es-define-property
1740 silly ADD node_modules/es-abstract
1741 silly ADD node_modules/enhanced-resolve
1742 silly ADD node_modules/emoji-regex
1743 silly ADD node_modules/electron-to-chromium
1744 silly ADD node_modules/eastasianwidth
1745 silly ADD node_modules/dunder-proto
1746 silly ADD node_modules/doctrine
1747 silly ADD node_modules/dlv
1748 silly ADD node_modules/dir-glob
1749 silly ADD node_modules/didyoumean
1750 silly ADD node_modules/define-properties
1751 silly ADD node_modules/define-data-property
1752 silly ADD node_modules/deep-is
1753 silly ADD node_modules/debug
1754 silly ADD node_modules/dayjs
1755 silly ADD node_modules/data-view-byte-offset
1756 silly ADD node_modules/data-view-byte-length
1757 silly ADD node_modules/data-view-buffer
1758 silly ADD node_modules/damerau-levenshtein
1759 silly ADD node_modules/csstype
1760 silly ADD node_modules/cssesc
1761 silly ADD node_modules/cross-spawn
1762 silly ADD node_modules/copy-to-clipboard
1763 silly ADD node_modules/concat-map
1764 silly ADD node_modules/compute-scroll-into-view
1765 silly ADD node_modules/commander
1766 silly ADD node_modules/color-name
1767 silly ADD node_modules/color-convert
1768 silly ADD node_modules/client-only
1769 silly ADD node_modules/classnames
1770 silly ADD node_modules/chokidar
1771 silly ADD node_modules/chokidar/node_modules/glob-parent
1772 silly ADD node_modules/chalk
1773 silly ADD node_modules/caniuse-lite
1774 silly ADD node_modules/camelcase-css
1775 silly ADD node_modules/callsites
1776 silly ADD node_modules/call-bound
1777 silly ADD node_modules/call-bind-apply-helpers
1778 silly ADD node_modules/call-bind
1779 silly ADD node_modules/busboy
1780 silly ADD node_modules/browserslist
1781 silly ADD node_modules/braces
1782 silly ADD node_modules/brace-expansion
1783 silly ADD node_modules/binary-extensions
1784 silly ADD node_modules/bcryptjs
1785 silly ADD node_modules/balanced-match
1786 silly ADD node_modules/axobject-query
1787 silly ADD node_modules/axe-core
1788 silly ADD node_modules/available-typed-arrays
1789 silly ADD node_modules/autoprefixer
1790 silly ADD node_modules/async-validator
1791 silly ADD node_modules/async-function
1792 silly ADD node_modules/ast-types-flow
1793 silly ADD node_modules/arraybuffer.prototype.slice
1794 silly ADD node_modules/array.prototype.tosorted
1795 silly ADD node_modules/array.prototype.flatmap
1796 silly ADD node_modules/array.prototype.flat
1797 silly ADD node_modules/array.prototype.findlastindex
1798 silly ADD node_modules/array.prototype.findlast
1799 silly ADD node_modules/array-union
1800 silly ADD node_modules/array-tree-filter
1801 silly ADD node_modules/array-includes
1802 silly ADD node_modules/array-buffer-byte-length
1803 silly ADD node_modules/aria-query
1804 silly ADD node_modules/argparse
1805 silly ADD node_modules/arg
1806 silly ADD node_modules/anymatch
1807 silly ADD node_modules/any-promise
1808 silly ADD node_modules/antd
1809 silly ADD node_modules/ansi-styles
1810 silly ADD node_modules/ansi-regex
1811 silly ADD node_modules/ajv
1812 silly ADD node_modules/acorn-jsx
1813 silly ADD node_modules/acorn
1814 silly ADD node_modules/@typescript-eslint/visitor-keys
1815 silly ADD node_modules/@typescript-eslint/typescript-estree
1816 silly ADD node_modules/@typescript-eslint/typescript-estree/node_modules/minimatch
1817 silly ADD node_modules/@typescript-eslint/typescript-estree/node_modules/brace-expansion
1818 silly ADD node_modules/@typescript-eslint/types
1819 silly ADD node_modules/@typescript-eslint/scope-manager
1820 silly ADD node_modules/@typescript-eslint/parser
1821 silly ADD node_modules/@types/react
1822 silly ADD node_modules/@types/node
1823 silly ADD node_modules/@types/json5
1824 silly ADD node_modules/@swc/helpers
1825 silly ADD node_modules/@rushstack/eslint-patch
1826 silly ADD node_modules/@rtsao/scc
1827 silly ADD node_modules/@rc-component/trigger
1828 silly ADD node_modules/@rc-component/tour
1829 silly ADD node_modules/@rc-component/portal
1830 silly ADD node_modules/@rc-component/mutate-observer
1831 silly ADD node_modules/@rc-component/mini-decimal
1832 silly ADD node_modules/@rc-component/context
1833 silly ADD node_modules/@rc-component/color-picker
1834 silly ADD node_modules/@pkgjs/parseargs
1835 silly ADD node_modules/@nolyfill/is-core-module
1836 silly ADD node_modules/@nodelib/fs.walk
1837 silly ADD node_modules/@nodelib/fs.stat
1838 silly ADD node_modules/@nodelib/fs.scandir
1839 silly ADD node_modules/@next/swc-win32-x64-msvc
1840 silly ADD
1841 silly ADD
1842 silly ADD
1843 silly ADD
1844 silly ADD
1845 silly ADD
1846 silly ADD
1847 silly ADD
1848 silly ADD node_modules/@next/eslint-plugin-next
1849 silly ADD node_modules/@next/env
1850 silly ADD node_modules/@jridgewell/trace-mapping
1851 silly ADD node_modules/@jridgewell/sourcemap-codec
1852 silly ADD node_modules/@jridgewell/set-array
1853 silly ADD node_modules/@jridgewell/resolve-uri
1854 silly ADD node_modules/@jridgewell/gen-mapping
1855 silly ADD node_modules/@isaacs/cliui
1856 silly ADD node_modules/@isaacs/cliui/node_modules/strip-ansi
1857 silly ADD node_modules/@isaacs/cliui/node_modules/ansi-regex
1858 silly ADD node_modules/@humanwhocodes/object-schema
1859 silly ADD node_modules/@humanwhocodes/module-importer
1860 silly ADD node_modules/@humanwhocodes/config-array
1861 silly ADD node_modules/@eslint/js
1862 silly ADD node_modules/@eslint/eslintrc
1863 silly ADD node_modules/@eslint-community/regexpp
1864 silly ADD node_modules/@eslint-community/eslint-utils
1865 silly ADD node_modules/@emotion/unitless
1866 silly ADD node_modules/@emotion/memoize
1867 silly ADD node_modules/@emotion/is-prop-valid
1868 silly ADD node_modules/@emotion/hash
1869 silly ADD node_modules/@ctrl/tinycolor
1870 silly ADD node_modules/@babel/runtime
1871 silly ADD node_modules/@ant-design/react-slick
1872 silly ADD node_modules/@ant-design/icons-svg
1873 silly ADD node_modules/@ant-design/icons
1874 silly ADD node_modules/@ant-design/fast-color
1875 silly ADD node_modules/@ant-design/cssinjs
1876 silly ADD node_modules/@ant-design/colors
1877 silly ADD node_modules/@alloc/quick-lru
1878 verbose cwd E:\table\SOTFWARE\bosihanxin
1879 verbose os Windows_NT 10.0.26100
1880 verbose node v23.10.0
1881 verbose npm  v10.9.2
1882 notice
1882 notice New [31mmajor[39m version of npm available! [31m10.9.2[39m -> [34m11.6.2[39m
1882 notice Changelog: [34mhttps://github.com/npm/cli/releases/tag/v11.6.2[39m
1882 notice To update run: [4mnpm install -g npm@11.6.2[24m
1882 notice  { force: true, [Symbol(proc-log.meta)]: true }
1883 verbose exit 0
1884 info ok
